period,section,center,label,value,value_text
2026-08,I. Vô tuyến,BRA,2G - 2G độc lập,0.0,
2026-08,I. Vô tuyến,BRA,2G - Số vị trí 2G,61.0,
2026-08,I. Vô tuyến,BRA,2G - Tổng thuê bao,5799.0,
2026-08,I. Vô tuyến,BRA,2G độc lập,0.0,
2026-08,I. Vô tuyến,BRA,3G - 3G độc lập,0.0,
2026-08,I. Vô tuyến,BRA,3G - Số vị trí 3G,4.0,
2026-08,I. Vô tuyến,BRA,3G - Tổng thuê bao,0.0,
2026-08,I. Vô tuyến,BRA,3G độc lập,0.0,
2026-08,I. Vô tuyến,BRA,4G - 4G độc lập,61.0,
2026-08,I. Vô tuyến,BRA,4G - Trạm 4G,168.0,
2026-08,I. Vô tuyến,BRA,4G - Tổng thuê bao,139704.0,
2026-08,I. Vô tuyến,BRA,4G độc lập,61.0,
2026-08,I. Vô tuyến,BRA,5G - 5G độc lập,0.0,
2026-08,I. Vô tuyến,BRA,5G - Trạm 5G,82.0,
2026-08,I. Vô tuyến,BRA,5G - Tổng thuê bao,0.0,
2026-08,I. Vô tuyến,BRA,AP-độc lập,3.0,
2026-08,I. Vô tuyến,BRA,Femto cell,6.0,
2026-08,I. Vô tuyến,BRA,Smallcell,11.0,
2026-08,I. Vô tuyến,BRA,Số vị trí 2G,61.0,
2026-08,I. Vô tuyến,BRA,Số vị trí 3G,4.0,
2026-08,I. Vô tuyến,BRA,Số vị trí 5G,82.0,
2026-08,I. Vô tuyến,BRA,TB di động - Tổng số vị trí,172.0,
2026-08,I. Vô tuyến,BRA,"Thuê bao di động - Trạm < 1,000 TB",117.0,
2026-08,I. Vô tuyến,BRA,"Thuê bao di động - Trạm > 1,000 TB",41.0,
2026-08,I. Vô tuyến,BRA,"Thuê bao di động - Trạm> 10,000 TB",0.0,
2026-08,I. Vô tuyến,BRA,"Thuê bao di động - Trạm> 2,000 TB",10.0,
2026-08,I. Vô tuyến,BRA,"Thuê bao di động - Trạm> 3,000 TB",3.0,
2026-08,I. Vô tuyến,BRA,"Thuê bao di động - Trạm> 4,000 TB",1.0,
2026-08,I. Vô tuyến,BRA,"Thuê bao di động - Trạm> 5,000 TB",0.0,
2026-08,I. Vô tuyến,BRA,Truyền dẫn độc lập,0.0,
2026-08,I. Vô tuyến,BRA,Trạm 4G,168.0,
2026-08,I. Vô tuyến,BRA,Trạm Inbuiding,2.0,
2026-08,I. Vô tuyến,BRA,Trạm Macro,123.0,
2026-08,I. Vô tuyến,BRA,Trạm RRU,25.0,
2026-08,I. Vô tuyến,BRA,Trạm UT1 phục vụ kinh doanh,14.0,
2026-08,I. Vô tuyến,BRA,Trạm XHH,88.0,
2026-08,I. Vô tuyến,BRA,Tổng số tủ,172.0,
2026-08,I. Vô tuyến,BRA,Tổng số vị trí,172.0,
2026-08,I. Vô tuyến,BRA,"Tổng thuê bao (2G, 3G,4G)",145503.0,
2026-08,I. Vô tuyến,BRA,Tổng trạm huyện,1.0,
2026-08,I. Vô tuyến,BRA,Tổng trạm tỉnh,1.0,
2026-08,I. Vô tuyến,CDO,2G - 2G độc lập,0.0,
2026-08,I. Vô tuyến,CDO,2G - Số vị trí 2G,12.0,
2026-08,I. Vô tuyến,CDO,2G - Tổng thuê bao,915.0,
2026-08,I. Vô tuyến,CDO,2G độc lập,0.0,
2026-08,I. Vô tuyến,CDO,3G - 3G độc lập,0.0,
2026-08,I. Vô tuyến,CDO,3G - Số vị trí 3G,0.0,
2026-08,I. Vô tuyến,CDO,3G - Tổng thuê bao,1971.0,
2026-08,I. Vô tuyến,CDO,3G độc lập,0.0,
2026-08,I. Vô tuyến,CDO,4G - 4G độc lập,24.0,
2026-08,I. Vô tuyến,CDO,4G - Trạm 4G,39.0,
2026-08,I. Vô tuyến,CDO,4G - Tổng thuê bao,17064.0,
2026-08,I. Vô tuyến,CDO,4G độc lập,24.0,
2026-08,I. Vô tuyến,CDO,5G - 5G độc lập,0.0,
2026-08,I. Vô tuyến,CDO,5G - Trạm 5G,10.0,
2026-08,I. Vô tuyến,CDO,5G - Tổng thuê bao,0.0,
2026-08,I. Vô tuyến,CDO,AP-độc lập,1.0,
2026-08,I. Vô tuyến,CDO,Femto cell,1.0,
2026-08,I. Vô tuyến,CDO,Smallcell,4.0,
2026-08,I. Vô tuyến,CDO,Số vị trí 2G,12.0,
2026-08,I. Vô tuyến,CDO,Số vị trí 3G,0.0,
2026-08,I. Vô tuyến,CDO,Số vị trí 5G,10.0,
2026-08,I. Vô tuyến,CDO,TB di động - Tổng số vị trí,40.0,
2026-08,I. Vô tuyến,CDO,"Thuê bao di động - Trạm < 1,000 TB",38.0,
2026-08,I. Vô tuyến,CDO,"Thuê bao di động - Trạm > 1,000 TB",1.0,
2026-08,I. Vô tuyến,CDO,"Thuê bao di động - Trạm> 10,000 TB",1.0,
2026-08,I. Vô tuyến,CDO,"Thuê bao di động - Trạm> 2,000 TB",0.0,
2026-08,I. Vô tuyến,CDO,"Thuê bao di động - Trạm> 3,000 TB",0.0,
2026-08,I. Vô tuyến,CDO,"Thuê bao di động - Trạm> 4,000 TB",0.0,
2026-08,I. Vô tuyến,CDO,"Thuê bao di động - Trạm> 5,000 TB",1.0,
2026-08,I. Vô tuyến,CDO,Truyền dẫn độc lập,0.0,
2026-08,I. Vô tuyến,CDO,Trạm 4G,39.0,
2026-08,I. Vô tuyến,CDO,Trạm Inbuiding,0.0,
2026-08,I. Vô tuyến,CDO,Trạm Macro,17.0,
2026-08,I. Vô tuyến,CDO,Trạm RRU,14.0,
2026-08,I. Vô tuyến,CDO,Trạm UT1 phục vụ kinh doanh,4.0,
2026-08,I. Vô tuyến,CDO,Trạm XHH,25.0,
2026-08,I. Vô tuyến,CDO,Tổng số tủ,28.0,
2026-08,I. Vô tuyến,CDO,Tổng số vị trí,40.0,
2026-08,I. Vô tuyến,CDO,"Tổng thuê bao (2G, 3G,4G)",19950.0,
2026-08,I. Vô tuyến,CDO,Tổng trạm huyện,2.0,
2026-08,I. Vô tuyến,CDO,Tổng trạm tỉnh,0.0,
2026-08,I. Vô tuyến,CHP,2G - 2G độc lập,0.0,
2026-08,I. Vô tuyến,CHP,2G - Số vị trí 2G,109.0,
2026-08,I. Vô tuyến,CHP,2G - Tổng thuê bao,13808.0,
2026-08,I. Vô tuyến,CHP,2G độc lập,0.0,
2026-08,I. Vô tuyến,CHP,3G - 3G độc lập,1.0,
2026-08,I. Vô tuyến,CHP,3G - Số vị trí 3G,29.0,
2026-08,I. Vô tuyến,CHP,3G - Tổng thuê bao,25.0,
2026-08,I. Vô tuyến,CHP,3G độc lập,1.0,
2026-08,I. Vô tuyến,CHP,4G - 4G độc lập,114.0,
2026-08,I. Vô tuyến,CHP,4G - Trạm 4G,319.0,
2026-08,I. Vô tuyến,CHP,4G - Tổng thuê bao,286238.0,
2026-08,I. Vô tuyến,CHP,4G độc lập,114.0,
2026-08,I. Vô tuyến,CHP,5G - 5G độc lập,0.0,
2026-08,I. Vô tuyến,CHP,5G - Trạm 5G,142.0,
2026-08,I. Vô tuyến,CHP,5G - Tổng thuê bao,0.0,
2026-08,I. Vô tuyến,CHP,AP-độc lập,5.0,
2026-08,I. Vô tuyến,CHP,Femto cell,36.0,
2026-08,I. Vô tuyến,CHP,Smallcell,9.0,
2026-08,I. Vô tuyến,CHP,Số vị trí 2G,109.0,
2026-08,I. Vô tuyến,CHP,Số vị trí 3G,29.0,
2026-08,I. Vô tuyến,CHP,Số vị trí 5G,142.0,
2026-08,I. Vô tuyến,CHP,TB di động - Tổng số vị trí,328.0,
2026-08,I. Vô tuyến,CHP,"Thuê bao di động - Trạm < 1,000 TB",199.0,
2026-08,I. Vô tuyến,CHP,"Thuê bao di động - Trạm > 1,000 TB",86.0,
2026-08,I. Vô tuyến,CHP,"Thuê bao di động - Trạm> 10,000 TB",0.0,
2026-08,I. Vô tuyến,CHP,"Thuê bao di động - Trạm> 2,000 TB",31.0,
2026-08,I. Vô tuyến,CHP,"Thuê bao di động - Trạm> 3,000 TB",6.0,
2026-08,I. Vô tuyến,CHP,"Thuê bao di động - Trạm> 4,000 TB",5.0,
2026-08,I. Vô tuyến,CHP,"Thuê bao di động - Trạm> 5,000 TB",0.0,
2026-08,I. Vô tuyến,CHP,Truyền dẫn độc lập,0.0,
2026-08,I. Vô tuyến,CHP,Trạm 4G,319.0,
2026-08,I. Vô tuyến,CHP,Trạm Inbuiding,15.0,
2026-08,I. Vô tuyến,CHP,Trạm Macro,231.0,
2026-08,I. Vô tuyến,CHP,Trạm RRU,29.0,
2026-08,I. Vô tuyến,CHP,Trạm UT1 phục vụ kinh doanh,22.0,
2026-08,I. Vô tuyến,CHP,Trạm XHH,199.0,
2026-08,I. Vô tuyến,CHP,Tổng số tủ,265.0,
2026-08,I. Vô tuyến,CHP,Tổng số vị trí,328.0,
2026-08,I. Vô tuyến,CHP,"Tổng thuê bao (2G, 3G,4G)",300071.0,
2026-08,I. Vô tuyến,CHP,Tổng trạm huyện,2.0,
2026-08,I. Vô tuyến,CHP,Tổng trạm tỉnh,1.0,
2026-08,I. Vô tuyến,DTG,2G - 2G độc lập,0.0,
2026-08,I. Vô tuyến,DTG,2G - Số vị trí 2G,61.0,
2026-08,I. Vô tuyến,DTG,2G - Tổng thuê bao,5021.0,
2026-08,I. Vô tuyến,DTG,2G độc lập,0.0,
2026-08,I. Vô tuyến,DTG,3G - 3G độc lập,0.0,
2026-08,I. Vô tuyến,DTG,3G - Số vị trí 3G,7.0,
2026-08,I. Vô tuyến,DTG,3G - Tổng thuê bao,1.0,
2026-08,I. Vô tuyến,DTG,3G độc lập,0.0,
2026-08,I. Vô tuyến,DTG,4G - 4G độc lập,69.0,
2026-08,I. Vô tuyến,DTG,4G - Trạm 4G,145.0,
2026-08,I. Vô tuyến,DTG,4G - Tổng thuê bao,93435.0,
2026-08,I. Vô tuyến,DTG,4G độc lập,69.0,
2026-08,I. Vô tuyến,DTG,5G - 5G độc lập,0.0,
2026-08,I. Vô tuyến,DTG,5G - Trạm 5G,36.0,
2026-08,I. Vô tuyến,DTG,5G - Tổng thuê bao,0.0,
2026-08,I. Vô tuyến,DTG,AP-độc lập,1.0,
2026-08,I. Vô tuyến,DTG,Femto cell,10.0,
2026-08,I. Vô tuyến,DTG,Smallcell,1.0,
2026-08,I. Vô tuyến,DTG,Số vị trí 2G,61.0,
2026-08,I. Vô tuyến,DTG,Số vị trí 3G,7.0,
2026-08,I. Vô tuyến,DTG,Số vị trí 5G,36.0,
2026-08,I. Vô tuyến,DTG,TB di động - Tổng số vị trí,146.0,
2026-08,I. Vô tuyến,DTG,"Thuê bao di động - Trạm < 1,000 TB",113.0,
2026-08,I. Vô tuyến,DTG,"Thuê bao di động - Trạm > 1,000 TB",25.0,
2026-08,I. Vô tuyến,DTG,"Thuê bao di động - Trạm> 10,000 TB",0.0,
2026-08,I. Vô tuyến,DTG,"Thuê bao di động - Trạm> 2,000 TB",5.0,
2026-08,I. Vô tuyến,DTG,"Thuê bao di động - Trạm> 3,000 TB",3.0,
2026-08,I. Vô tuyến,DTG,"Thuê bao di động - Trạm> 4,000 TB",0.0,
2026-08,I. Vô tuyến,DTG,"Thuê bao di động - Trạm> 5,000 TB",0.0,
2026-08,I. Vô tuyến,DTG,Truyền dẫn độc lập,0.0,
2026-08,I. Vô tuyến,DTG,Trạm 4G,145.0,
2026-08,I. Vô tuyến,DTG,Trạm Inbuiding,0.0,
2026-08,I. Vô tuyến,DTG,Trạm Macro,73.0,
2026-08,I. Vô tuyến,DTG,Trạm RRU,59.0,
2026-08,I. Vô tuyến,DTG,Trạm UT1 phục vụ kinh doanh,4.0,
2026-08,I. Vô tuyến,DTG,Trạm XHH,73.0,
2026-08,I. Vô tuyến,DTG,Tổng số tủ,157.0,
2026-08,I. Vô tuyến,DTG,Tổng số vị trí,146.0,
2026-08,I. Vô tuyến,DTG,"Tổng thuê bao (2G, 3G,4G)",98457.0,
2026-08,I. Vô tuyến,DTG,Tổng trạm huyện,1.0,
2026-08,I. Vô tuyến,DTG,Tổng trạm tỉnh,0.0,
2026-08,I. Vô tuyến,HTM,2G - 2G độc lập,0.0,
2026-08,I. Vô tuyến,HTM,2G - Số vị trí 2G,71.0,
2026-08,I. Vô tuyến,HTM,2G - Tổng thuê bao,5825.0,
2026-08,I. Vô tuyến,HTM,2G độc lập,0.0,
2026-08,I. Vô tuyến,HTM,3G - 3G độc lập,0.0,
2026-08,I. Vô tuyến,HTM,3G - Số vị trí 3G,2.0,
2026-08,I. Vô tuyến,HTM,3G - Tổng thuê bao,0.0,
2026-08,I. Vô tuyến,HTM,3G độc lập,0.0,
2026-08,I. Vô tuyến,HTM,4G - 4G độc lập,69.0,
2026-08,I. Vô tuyến,HTM,4G - Trạm 4G,174.0,
2026-08,I. Vô tuyến,HTM,4G - Tổng thuê bao,131893.0,
2026-08,I. Vô tuyến,HTM,4G độc lập,69.0,
2026-08,I. Vô tuyến,HTM,5G - 5G độc lập,0.0,
2026-08,I. Vô tuyến,HTM,5G - Trạm 5G,66.0,
2026-08,I. Vô tuyến,HTM,5G - Tổng thuê bao,0.0,
2026-08,I. Vô tuyến,HTM,AP-độc lập,2.0,
2026-08,I. Vô tuyến,HTM,Femto cell,2.0,
2026-08,I. Vô tuyến,HTM,Smallcell,4.0,
2026-08,I. Vô tuyến,HTM,Số vị trí 2G,71.0,
2026-08,I. Vô tuyến,HTM,Số vị trí 3G,2.0,
2026-08,I. Vô tuyến,HTM,Số vị trí 5G,66.0,
2026-08,I. Vô tuyến,HTM,TB di động - Tổng số vị trí,176.0,
2026-08,I. Vô tuyến,HTM,"Thuê bao di động - Trạm < 1,000 TB",126.0,
2026-08,I. Vô tuyến,HTM,"Thuê bao di động - Trạm > 1,000 TB",33.0,
2026-08,I. Vô tuyến,HTM,"Thuê bao di động - Trạm> 10,000 TB",0.0,
2026-08,I. Vô tuyến,HTM,"Thuê bao di động - Trạm> 2,000 TB",14.0,
2026-08,I. Vô tuyến,HTM,"Thuê bao di động - Trạm> 3,000 TB",3.0,
2026-08,I. Vô tuyến,HTM,"Thuê bao di động - Trạm> 4,000 TB",0.0,
2026-08,I. Vô tuyến,HTM,"Thuê bao di động - Trạm> 5,000 TB",0.0,
2026-08,I. Vô tuyến,HTM,Truyền dẫn độc lập,0.0,
2026-08,I. Vô tuyến,HTM,Trạm 4G,174.0,
2026-08,I. Vô tuyến,HTM,Trạm Inbuiding,6.0,
2026-08,I. Vô tuyến,HTM,Trạm Macro,124.0,
2026-08,I. Vô tuyến,HTM,Trạm RRU,37.0,
2026-08,I. Vô tuyến,HTM,Trạm UT1 phục vụ kinh doanh,15.0,
2026-08,I. Vô tuyến,HTM,Trạm XHH,81.0,
2026-08,I. Vô tuyến,HTM,Tổng số tủ,203.0,
2026-08,I. Vô tuyến,HTM,Tổng số vị trí,176.0,
2026-08,I. Vô tuyến,HTM,"Tổng thuê bao (2G, 3G,4G)",137718.0,
2026-08,I. Vô tuyến,HTM,Tổng trạm huyện,0.0,
2026-08,I. Vô tuyến,HTM,Tổng trạm tỉnh,0.0,
2026-08,I. Vô tuyến,NGO,2G - 2G độc lập,0.0,
2026-08,I. Vô tuyến,NGO,2G - Số vị trí 2G,41.0,
2026-08,I. Vô tuyến,NGO,2G - Tổng thuê bao,4187.0,
2026-08,I. Vô tuyến,NGO,2G độc lập,0.0,
2026-08,I. Vô tuyến,NGO,3G - 3G độc lập,0.0,
2026-08,I. Vô tuyến,NGO,3G - Số vị trí 3G,3.0,
2026-08,I. Vô tuyến,NGO,3G - Tổng thuê bao,0.0,
2026-08,I. Vô tuyến,NGO,3G độc lập,0.0,
2026-08,I. Vô tuyến,NGO,4G - 4G độc lập,57.0,
2026-08,I. Vô tuyến,NGO,4G - Trạm 4G,119.0,
2026-08,I. Vô tuyến,NGO,4G - Tổng thuê bao,111576.0,
2026-08,I. Vô tuyến,NGO,4G độc lập,57.0,
2026-08,I. Vô tuyến,NGO,5G - 5G độc lập,0.0,
2026-08,I. Vô tuyến,NGO,5G - Trạm 5G,40.0,
2026-08,I. Vô tuyến,NGO,5G - Tổng thuê bao,0.0,
2026-08,I. Vô tuyến,NGO,AP-độc lập,0.0,
2026-08,I. Vô tuyến,NGO,Femto cell,3.0,
2026-08,I. Vô tuyến,NGO,Smallcell,4.0,
2026-08,I. Vô tuyến,NGO,Số vị trí 2G,41.0,
2026-08,I. Vô tuyến,NGO,Số vị trí 3G,3.0,
2026-08,I. Vô tuyến,NGO,Số vị trí 5G,40.0,
2026-08,I. Vô tuyến,NGO,TB di động - Tổng số vị trí,121.0,
2026-08,I. Vô tuyến,NGO,"Thuê bao di động - Trạm < 1,000 TB",82.0,
2026-08,I. Vô tuyến,NGO,"Thuê bao di động - Trạm > 1,000 TB",20.0,
2026-08,I. Vô tuyến,NGO,"Thuê bao di động - Trạm> 10,000 TB",0.0,
2026-08,I. Vô tuyến,NGO,"Thuê bao di động - Trạm> 2,000 TB",14.0,
2026-08,I. Vô tuyến,NGO,"Thuê bao di động - Trạm> 3,000 TB",5.0,
2026-08,I. Vô tuyến,NGO,"Thuê bao di động - Trạm> 4,000 TB",0.0,
2026-08,I. Vô tuyến,NGO,"Thuê bao di động - Trạm> 5,000 TB",0.0,
2026-08,I. Vô tuyến,NGO,Truyền dẫn độc lập,0.0,
2026-08,I. Vô tuyến,NGO,Trạm 4G,119.0,
2026-08,I. Vô tuyến,NGO,Trạm Inbuiding,0.0,
2026-08,I. Vô tuyến,NGO,Trạm Macro,81.0,
2026-08,I. Vô tuyến,NGO,Trạm RRU,32.0,
2026-08,I. Vô tuyến,NGO,Trạm UT1 phục vụ kinh doanh,11.0,
2026-08,I. Vô tuyến,NGO,Trạm XHH,61.0,
2026-08,I. Vô tuyến,NGO,Tổng số tủ,128.0,
2026-08,I. Vô tuyến,NGO,Tổng số vị trí,121.0,
2026-08,I. Vô tuyến,NGO,"Tổng thuê bao (2G, 3G,4G)",115763.0,
2026-08,I. Vô tuyến,NGO,Tổng trạm huyện,1.0,
2026-08,I. Vô tuyến,NGO,Tổng trạm tỉnh,0.0,
2026-08,I. Vô tuyến,PGO,2G - 2G độc lập,0.0,
2026-08,I. Vô tuyến,PGO,2G - Số vị trí 2G,53.0,
2026-08,I. Vô tuyến,PGO,2G - Tổng thuê bao,4638.0,
2026-08,I. Vô tuyến,PGO,2G độc lập,0.0,
2026-08,I. Vô tuyến,PGO,3G - 3G độc lập,0.0,
2026-08,I. Vô tuyến,PGO,3G - Số vị trí 3G,1.0,
2026-08,I. Vô tuyến,PGO,3G - Tổng thuê bao,0.0,
2026-08,I. Vô tuyến,PGO,3G độc lập,0.0,
2026-08,I. Vô tuyến,PGO,4G - 4G độc lập,53.0,
2026-08,I. Vô tuyến,PGO,4G - Trạm 4G,117.0,
2026-08,I. Vô tuyến,PGO,4G - Tổng thuê bao,94060.0,
2026-08,I. Vô tuyến,PGO,4G độc lập,53.0,
2026-08,I. Vô tuyến,PGO,5G - 5G độc lập,0.0,
2026-08,I. Vô tuyến,PGO,5G - Trạm 5G,33.0,
2026-08,I. Vô tuyến,PGO,5G - Tổng thuê bao,0.0,
2026-08,I. Vô tuyến,PGO,AP-độc lập,0.0,
2026-08,I. Vô tuyến,PGO,Femto cell,4.0,
2026-08,I. Vô tuyến,PGO,Smallcell,0.0,
2026-08,I. Vô tuyến,PGO,Số vị trí 2G,53.0,
2026-08,I. Vô tuyến,PGO,Số vị trí 3G,1.0,
2026-08,I. Vô tuyến,PGO,Số vị trí 5G,33.0,
2026-08,I. Vô tuyến,PGO,TB di động - Tổng số vị trí,117.0,
2026-08,I. Vô tuyến,PGO,"Thuê bao di động - Trạm < 1,000 TB",79.0,
2026-08,I. Vô tuyến,PGO,"Thuê bao di động - Trạm > 1,000 TB",29.0,
2026-08,I. Vô tuyến,PGO,"Thuê bao di động - Trạm> 10,000 TB",0.0,
2026-08,I. Vô tuyến,PGO,"Thuê bao di động - Trạm> 2,000 TB",7.0,
2026-08,I. Vô tuyến,PGO,"Thuê bao di động - Trạm> 3,000 TB",2.0,
2026-08,I. Vô tuyến,PGO,"Thuê bao di động - Trạm> 4,000 TB",0.0,
2026-08,I. Vô tuyến,PGO,"Thuê bao di động - Trạm> 5,000 TB",0.0,
2026-08,I. Vô tuyến,PGO,Truyền dẫn độc lập,0.0,
2026-08,I. Vô tuyến,PGO,Trạm 4G,117.0,
2026-08,I. Vô tuyến,PGO,Trạm Inbuiding,0.0,
2026-08,I. Vô tuyến,PGO,Trạm Macro,69.0,
2026-08,I. Vô tuyến,PGO,Trạm RRU,43.0,
2026-08,I. Vô tuyến,PGO,Trạm UT1 phục vụ kinh doanh,7.0,
2026-08,I. Vô tuyến,PGO,Trạm XHH,53.0,
2026-08,I. Vô tuyến,PGO,Tổng số tủ,139.0,
2026-08,I. Vô tuyến,PGO,Tổng số vị trí,117.0,
2026-08,I. Vô tuyến,PGO,"Tổng thuê bao (2G, 3G,4G)",98698.0,
2026-08,I. Vô tuyến,PGO,Tổng trạm huyện,1.0,
2026-08,I. Vô tuyến,PGO,Tổng trạm tỉnh,0.0,
2026-08,I. Vô tuyến,PMY,2G - 2G độc lập,0.0,
2026-08,I. Vô tuyến,PMY,2G - Số vị trí 2G,45.0,
2026-08,I. Vô tuyến,PMY,2G - Tổng thuê bao,4981.0,
2026-08,I. Vô tuyến,PMY,2G độc lập,0.0,
2026-08,I. Vô tuyến,PMY,3G - 3G độc lập,1.0,
2026-08,I. Vô tuyến,PMY,3G - Số vị trí 3G,1.0,
2026-08,I. Vô tuyến,PMY,3G - Tổng thuê bao,0.0,
2026-08,I. Vô tuyến,PMY,3G độc lập,1.0,
2026-08,I. Vô tuyến,PMY,4G - 4G độc lập,99.0,
2026-08,I. Vô tuyến,PMY,4G - Trạm 4G,182.0,
2026-08,I. Vô tuyến,PMY,4G - Tổng thuê bao,131789.0,
2026-08,I. Vô tuyến,PMY,4G độc lập,99.0,
2026-08,I. Vô tuyến,PMY,5G - 5G độc lập,0.0,
2026-08,I. Vô tuyến,PMY,5G - Trạm 5G,65.0,
2026-08,I. Vô tuyến,PMY,5G - Tổng thuê bao,0.0,
2026-08,I. Vô tuyến,PMY,AP-độc lập,2.0,
2026-08,I. Vô tuyến,PMY,Femto cell,3.0,
2026-08,I. Vô tuyến,PMY,Smallcell,15.0,
2026-08,I. Vô tuyến,PMY,Số vị trí 2G,45.0,
2026-08,I. Vô tuyến,PMY,Số vị trí 3G,1.0,
2026-08,I. Vô tuyến,PMY,Số vị trí 5G,65.0,
2026-08,I. Vô tuyến,PMY,TB di động - Tổng số vị trí,186.0,
2026-08,I. Vô tuyến,PMY,"Thuê bao di động - Trạm < 1,000 TB",129.0,
2026-08,I. Vô tuyến,PMY,"Thuê bao di động - Trạm > 1,000 TB",47.0,
2026-08,I. Vô tuyến,PMY,"Thuê bao di động - Trạm> 10,000 TB",0.0,
2026-08,I. Vô tuyến,PMY,"Thuê bao di động - Trạm> 2,000 TB",5.0,
2026-08,I. Vô tuyến,PMY,"Thuê bao di động - Trạm> 3,000 TB",5.0,
2026-08,I. Vô tuyến,PMY,"Thuê bao di động - Trạm> 4,000 TB",0.0,
2026-08,I. Vô tuyến,PMY,"Thuê bao di động - Trạm> 5,000 TB",0.0,
2026-08,I. Vô tuyến,PMY,Truyền dẫn độc lập,0.0,
2026-08,I. Vô tuyến,PMY,Trạm 4G,182.0,
2026-08,I. Vô tuyến,PMY,Trạm Inbuiding,1.0,
2026-08,I. Vô tuyến,PMY,Trạm Macro,137.0,
2026-08,I. Vô tuyến,PMY,Trạm RRU,24.0,
2026-08,I. Vô tuyến,PMY,Trạm UT1 phục vụ kinh doanh,22.0,
2026-08,I. Vô tuyến,PMY,Trạm XHH,114.0,
2026-08,I. Vô tuyến,PMY,Tổng số tủ,148.0,
2026-08,I. Vô tuyến,PMY,Tổng số vị trí,186.0,
2026-08,I. Vô tuyến,PMY,"Tổng thuê bao (2G, 3G,4G)",136770.0,
2026-08,I. Vô tuyến,PMY,Tổng trạm huyện,3.0,
2026-08,I. Vô tuyến,PMY,Tổng trạm tỉnh,0.0,
2026-08,I. Vô tuyến,TDH,2G - 2G độc lập,0.0,
2026-08,I. Vô tuyến,TDH,2G - Số vị trí 2G,116.0,
2026-08,I. Vô tuyến,TDH,2G - Tổng thuê bao,15107.0,
2026-08,I. Vô tuyến,TDH,2G độc lập,0.0,
2026-08,I. Vô tuyến,TDH,3G - 3G độc lập,2.0,
2026-08,I. Vô tuyến,TDH,3G - Số vị trí 3G,15.0,
2026-08,I. Vô tuyến,TDH,3G - Tổng thuê bao,1.0,
2026-08,I. Vô tuyến,TDH,3G độc lập,2.0,
2026-08,I. Vô tuyến,TDH,4G - 4G độc lập,91.0,
2026-08,I. Vô tuyến,TDH,4G - Trạm 4G,265.0,
2026-08,I. Vô tuyến,TDH,4G - Tổng thuê bao,363999.0,
2026-08,I. Vô tuyến,TDH,4G độc lập,91.0,
2026-08,I. Vô tuyến,TDH,5G - 5G độc lập,0.0,
2026-08,I. Vô tuyến,TDH,5G - Trạm 5G,115.0,
2026-08,I. Vô tuyến,TDH,5G - Tổng thuê bao,0.0,
2026-08,I. Vô tuyến,TDH,AP-độc lập,5.0,
2026-08,I. Vô tuyến,TDH,Femto cell,26.0,
2026-08,I. Vô tuyến,TDH,Smallcell,16.0,
2026-08,I. Vô tuyến,TDH,Số vị trí 2G,116.0,
2026-08,I. Vô tuyến,TDH,Số vị trí 3G,15.0,
2026-08,I. Vô tuyến,TDH,Số vị trí 5G,115.0,
2026-08,I. Vô tuyến,TDH,TB di động - Tổng số vị trí,280.0,
2026-08,I. Vô tuyến,TDH,"Thuê bao di động - Trạm < 1,000 TB",129.0,
2026-08,I. Vô tuyến,TDH,"Thuê bao di động - Trạm > 1,000 TB",66.0,
2026-08,I. Vô tuyến,TDH,"Thuê bao di động - Trạm> 10,000 TB",0.0,
2026-08,I. Vô tuyến,TDH,"Thuê bao di động - Trạm> 2,000 TB",53.0,
2026-08,I. Vô tuyến,TDH,"Thuê bao di động - Trạm> 3,000 TB",23.0,
2026-08,I. Vô tuyến,TDH,"Thuê bao di động - Trạm> 4,000 TB",5.0,
2026-08,I. Vô tuyến,TDH,"Thuê bao di động - Trạm> 5,000 TB",4.0,
2026-08,I. Vô tuyến,TDH,Truyền dẫn độc lập,0.0,
2026-08,I. Vô tuyến,TDH,Trạm 4G,265.0,
2026-08,I. Vô tuyến,TDH,Trạm Inbuiding,22.0,
2026-08,I. Vô tuyến,TDH,Trạm Macro,188.0,
2026-08,I. Vô tuyến,TDH,Trạm RRU,20.0,
2026-08,I. Vô tuyến,TDH,Trạm UT1 phục vụ kinh doanh,46.0,
2026-08,I. Vô tuyến,TDH,Trạm XHH,170.0,
2026-08,I. Vô tuyến,TDH,Tổng số tủ,257.0,
2026-08,I. Vô tuyến,TDH,Tổng số vị trí,280.0,
2026-08,I. Vô tuyến,TDH,"Tổng thuê bao (2G, 3G,4G)",379107.0,
2026-08,I. Vô tuyến,TDH,Tổng trạm huyện,3.0,
2026-08,I. Vô tuyến,TDH,Tổng trạm tỉnh,0.0,
2026-08,I. Vô tuyến,TGO,2G - 2G độc lập,0.0,
2026-08,I. Vô tuyến,TGO,2G - Số vị trí 2G,150.0,
2026-08,I. Vô tuyến,TGO,2G - Tổng thuê bao,21031.0,
2026-08,I. Vô tuyến,TGO,2G độc lập,0.0,
2026-08,I. Vô tuyến,TGO,3G - 3G độc lập,0.0,
2026-08,I. Vô tuyến,TGO,3G - Số vị trí 3G,6.0,
2026-08,I. Vô tuyến,TGO,3G - Tổng thuê bao,1.0,
2026-08,I. Vô tuyến,TGO,3G độc lập,0.0,
2026-08,I. Vô tuyến,TGO,4G - 4G độc lập,200.0,
2026-08,I. Vô tuyến,TGO,4G - Trạm 4G,428.0,
2026-08,I. Vô tuyến,TGO,4G - Tổng thuê bao,507287.0,
2026-08,I. Vô tuyến,TGO,4G độc lập,200.0,
2026-08,I. Vô tuyến,TGO,5G - 5G độc lập,0.0,
2026-08,I. Vô tuyến,TGO,5G - Trạm 5G,175.0,
2026-08,I. Vô tuyến,TGO,5G - Tổng thuê bao,0.0,
2026-08,I. Vô tuyến,TGO,AP-độc lập,1.0,
2026-08,I. Vô tuyến,TGO,Femto cell,51.0,
2026-08,I. Vô tuyến,TGO,Smallcell,37.0,
2026-08,I. Vô tuyến,TGO,Số vị trí 2G,150.0,
2026-08,I. Vô tuyến,TGO,Số vị trí 3G,6.0,
2026-08,I. Vô tuyến,TGO,Số vị trí 5G,175.0,
2026-08,I. Vô tuyến,TGO,TB di động - Tổng số vị trí,437.0,
2026-08,I. Vô tuyến,TGO,"Thuê bao di động - Trạm < 1,000 TB",219.0,
2026-08,I. Vô tuyến,TGO,"Thuê bao di động - Trạm > 1,000 TB",117.0,
2026-08,I. Vô tuyến,TGO,"Thuê bao di động - Trạm> 10,000 TB",0.0,
2026-08,I. Vô tuyến,TGO,"Thuê bao di động - Trạm> 2,000 TB",61.0,
2026-08,I. Vô tuyến,TGO,"Thuê bao di động - Trạm> 3,000 TB",32.0,
2026-08,I. Vô tuyến,TGO,"Thuê bao di động - Trạm> 4,000 TB",8.0,
2026-08,I. Vô tuyến,TGO,"Thuê bao di động - Trạm> 5,000 TB",0.0,
2026-08,I. Vô tuyến,TGO,Truyền dẫn độc lập,0.0,
2026-08,I. Vô tuyến,TGO,Trạm 4G,428.0,
2026-08,I. Vô tuyến,TGO,Trạm Inbuiding,21.0,
2026-08,I. Vô tuyến,TGO,Trạm Macro,290.0,
2026-08,I. Vô tuyến,TGO,Trạm RRU,33.0,
2026-08,I. Vô tuyến,TGO,Trạm UT1 phục vụ kinh doanh,65.0,
2026-08,I. Vô tuyến,TGO,Trạm XHH,293.0,
2026-08,I. Vô tuyến,TGO,Tổng số tủ,395.0,
2026-08,I. Vô tuyến,TGO,Tổng số vị trí,437.0,
2026-08,I. Vô tuyến,TGO,"Tổng thuê bao (2G, 3G,4G)",528319.0,
2026-08,I. Vô tuyến,TGO,Tổng trạm huyện,3.0,
2026-08,I. Vô tuyến,TGO,Tổng trạm tỉnh,1.0,
2026-08,I. Vô tuyến,THA,2G - 2G độc lập,0.0,
2026-08,I. Vô tuyến,THA,2G - Số vị trí 2G,123.0,
2026-08,I. Vô tuyến,THA,2G - Tổng thuê bao,16828.0,
2026-08,I. Vô tuyến,THA,2G độc lập,0.0,
2026-08,I. Vô tuyến,THA,3G - 3G độc lập,1.0,
2026-08,I. Vô tuyến,THA,3G - Số vị trí 3G,5.0,
2026-08,I. Vô tuyến,THA,3G - Tổng thuê bao,13.0,
2026-08,I. Vô tuyến,THA,3G độc lập,1.0,
2026-08,I. Vô tuyến,THA,4G - 4G độc lập,272.0,
2026-08,I. Vô tuyến,THA,4G - Trạm 4G,484.0,
2026-08,I. Vô tuyến,THA,4G - Tổng thuê bao,467588.0,
2026-08,I. Vô tuyến,THA,4G độc lập,272.0,
2026-08,I. Vô tuyến,THA,5G - 5G độc lập,0.0,
2026-08,I. Vô tuyến,THA,5G - Trạm 5G,173.0,
2026-08,I. Vô tuyến,THA,5G - Tổng thuê bao,0.0,
2026-08,I. Vô tuyến,THA,AP-độc lập,1.0,
2026-08,I. Vô tuyến,THA,Femto cell,24.0,
2026-08,I. Vô tuyến,THA,Smallcell,18.0,
2026-08,I. Vô tuyến,THA,Số vị trí 2G,123.0,
2026-08,I. Vô tuyến,THA,Số vị trí 3G,5.0,
2026-08,I. Vô tuyến,THA,Số vị trí 5G,173.0,
2026-08,I. Vô tuyến,THA,TB di động - Tổng số vị trí,493.0,
2026-08,I. Vô tuyến,THA,"Thuê bao di động - Trạm < 1,000 TB",291.0,
2026-08,I. Vô tuyến,THA,"Thuê bao di động - Trạm > 1,000 TB",129.0,
2026-08,I. Vô tuyến,THA,"Thuê bao di động - Trạm> 10,000 TB",0.0,
2026-08,I. Vô tuyến,THA,"Thuê bao di động - Trạm> 2,000 TB",45.0,
2026-08,I. Vô tuyến,THA,"Thuê bao di động - Trạm> 3,000 TB",19.0,
2026-08,I. Vô tuyến,THA,"Thuê bao di động - Trạm> 4,000 TB",8.0,
2026-08,I. Vô tuyến,THA,"Thuê bao di động - Trạm> 5,000 TB",0.0,
2026-08,I. Vô tuyến,THA,Truyền dẫn độc lập,0.0,
2026-08,I. Vô tuyến,THA,Trạm 4G,484.0,
2026-08,I. Vô tuyến,THA,Trạm Inbuiding,0.0,
2026-08,I. Vô tuyến,THA,Trạm Macro,402.0,
2026-08,I. Vô tuyến,THA,Trạm RRU,43.0,
2026-08,I. Vô tuyến,THA,Trạm UT1 phục vụ kinh doanh,49.0,
2026-08,I. Vô tuyến,THA,Trạm XHH,352.0,
2026-08,I. Vô tuyến,THA,Tổng số tủ,388.0,
2026-08,I. Vô tuyến,THA,Tổng số vị trí,493.0,
2026-08,I. Vô tuyến,THA,"Tổng thuê bao (2G, 3G,4G)",484429.0,
2026-08,I. Vô tuyến,THA,Tổng trạm huyện,4.0,
2026-08,I. Vô tuyến,THA,Tổng trạm tỉnh,0.0,
2026-08,I. Vô tuyến,TTG,2G - 2G độc lập,0.0,
2026-08,I. Vô tuyến,TTG,2G - Số vị trí 2G,96.0,
2026-08,I. Vô tuyến,TTG,2G - Tổng thuê bao,7444.0,
2026-08,I. Vô tuyến,TTG,2G độc lập,0.0,
2026-08,I. Vô tuyến,TTG,3G - 3G độc lập,1.0,
2026-08,I. Vô tuyến,TTG,3G - Số vị trí 3G,27.0,
2026-08,I. Vô tuyến,TTG,3G - Tổng thuê bao,2.0,
2026-08,I. Vô tuyến,TTG,3G độc lập,1.0,
2026-08,I. Vô tuyến,TTG,4G - 4G độc lập,143.0,
2026-08,I. Vô tuyến,TTG,4G - Trạm 4G,321.0,
2026-08,I. Vô tuyến,TTG,4G - Tổng thuê bao,196140.0,
2026-08,I. Vô tuyến,TTG,4G độc lập,143.0,
2026-08,I. Vô tuyến,TTG,5G - 5G độc lập,0.0,
2026-08,I. Vô tuyến,TTG,5G - Trạm 5G,105.0,
2026-08,I. Vô tuyến,TTG,5G - Tổng thuê bao,0.0,
2026-08,I. Vô tuyến,TTG,AP-độc lập,2.0,
2026-08,I. Vô tuyến,TTG,Femto cell,32.0,
2026-08,I. Vô tuyến,TTG,Smallcell,33.0,
2026-08,I. Vô tuyến,TTG,Số vị trí 2G,96.0,
2026-08,I. Vô tuyến,TTG,Số vị trí 3G,27.0,
2026-08,I. Vô tuyến,TTG,Số vị trí 5G,105.0,
2026-08,I. Vô tuyến,TTG,TB di động - Tổng số vị trí,331.0,
2026-08,I. Vô tuyến,TTG,"Thuê bao di động - Trạm < 1,000 TB",239.0,
2026-08,I. Vô tuyến,TTG,"Thuê bao di động - Trạm > 1,000 TB",78.0,
2026-08,I. Vô tuyến,TTG,"Thuê bao di động - Trạm> 10,000 TB",0.0,
2026-08,I. Vô tuyến,TTG,"Thuê bao di động - Trạm> 2,000 TB",13.0,
2026-08,I. Vô tuyến,TTG,"Thuê bao di động - Trạm> 3,000 TB",1.0,
2026-08,I. Vô tuyến,TTG,"Thuê bao di động - Trạm> 4,000 TB",0.0,
2026-08,I. Vô tuyến,TTG,"Thuê bao di động - Trạm> 5,000 TB",0.0,
2026-08,I. Vô tuyến,TTG,Truyền dẫn độc lập,0.0,
2026-08,I. Vô tuyến,TTG,Trạm 4G,321.0,
2026-08,I. Vô tuyến,TTG,Trạm Inbuiding,28.0,
2026-08,I. Vô tuyến,TTG,Trạm Macro,170.0,
2026-08,I. Vô tuyến,TTG,Trạm RRU,59.0,
2026-08,I. Vô tuyến,TTG,Trạm UT1 phục vụ kinh doanh,26.0,
2026-08,I. Vô tuyến,TTG,Trạm XHH,150.0,
2026-08,I. Vô tuyến,TTG,Tổng số tủ,297.0,
2026-08,I. Vô tuyến,TTG,Tổng số vị trí,331.0,
2026-08,I. Vô tuyến,TTG,"Tổng thuê bao (2G, 3G,4G)",203586.0,
2026-08,I. Vô tuyến,TTG,Tổng trạm huyện,4.0,
2026-08,I. Vô tuyến,TTG,Tổng trạm tỉnh,1.0,
2026-08,I. Vô tuyến,TUN,2G - 2G độc lập,0.0,
2026-08,I. Vô tuyến,TUN,2G - Số vị trí 2G,121.0,
2026-08,I. Vô tuyến,TUN,2G - Tổng thuê bao,19569.0,
2026-08,I. Vô tuyến,TUN,2G độc lập,0.0,
2026-08,I. Vô tuyến,TUN,3G - 3G độc lập,3.0,
2026-08,I. Vô tuyến,TUN,3G - Số vị trí 3G,3.0,
2026-08,I. Vô tuyến,TUN,3G - Tổng thuê bao,25.0,
2026-08,I. Vô tuyến,TUN,3G độc lập,3.0,
2026-08,I. Vô tuyến,TUN,4G - 4G độc lập,256.0,
2026-08,I. Vô tuyến,TUN,4G - Trạm 4G,464.0,
2026-08,I. Vô tuyến,TUN,4G - Tổng thuê bao,493454.0,
2026-08,I. Vô tuyến,TUN,4G độc lập,256.0,
2026-08,I. Vô tuyến,TUN,5G - 5G độc lập,0.0,
2026-08,I. Vô tuyến,TUN,5G - Trạm 5G,171.0,
2026-08,I. Vô tuyến,TUN,5G - Tổng thuê bao,0.0,
2026-08,I. Vô tuyến,TUN,AP-độc lập,0.0,
2026-08,I. Vô tuyến,TUN,Femto cell,20.0,
2026-08,I. Vô tuyến,TUN,Smallcell,31.0,
2026-08,I. Vô tuyến,TUN,Số vị trí 2G,121.0,
2026-08,I. Vô tuyến,TUN,Số vị trí 3G,3.0,
2026-08,I. Vô tuyến,TUN,Số vị trí 5G,171.0,
2026-08,I. Vô tuyến,TUN,TB di động - Tổng số vị trí,474.0,
2026-08,I. Vô tuyến,TUN,"Thuê bao di động - Trạm < 1,000 TB",272.0,
2026-08,I. Vô tuyến,TUN,"Thuê bao di động - Trạm > 1,000 TB",110.0,
2026-08,I. Vô tuyến,TUN,"Thuê bao di động - Trạm> 10,000 TB",0.0,
2026-08,I. Vô tuyến,TUN,"Thuê bao di động - Trạm> 2,000 TB",63.0,
2026-08,I. Vô tuyến,TUN,"Thuê bao di động - Trạm> 3,000 TB",22.0,
2026-08,I. Vô tuyến,TUN,"Thuê bao di động - Trạm> 4,000 TB",6.0,
2026-08,I. Vô tuyến,TUN,"Thuê bao di động - Trạm> 5,000 TB",1.0,
2026-08,I. Vô tuyến,TUN,Truyền dẫn độc lập,0.0,
2026-08,I. Vô tuyến,TUN,Trạm 4G,464.0,
2026-08,I. Vô tuyến,TUN,Trạm Inbuiding,2.0,
2026-08,I. Vô tuyến,TUN,Trạm Macro,373.0,
2026-08,I. Vô tuyến,TUN,Trạm RRU,45.0,
2026-08,I. Vô tuyến,TUN,Trạm UT1 phục vụ kinh doanh,58.0,
2026-08,I. Vô tuyến,TUN,Trạm XHH,343.0,
2026-08,I. Vô tuyến,TUN,Tổng số tủ,380.0,
2026-08,I. Vô tuyến,TUN,Tổng số vị trí,474.0,
2026-08,I. Vô tuyến,TUN,"Tổng thuê bao (2G, 3G,4G)",513048.0,
2026-08,I. Vô tuyến,TUN,Tổng trạm huyện,3.0,
2026-08,I. Vô tuyến,TUN,Tổng trạm tỉnh,0.0,
2026-08,I. Vô tuyến,Tổng,2G - 2G độc lập,0.0,
2026-08,I. Vô tuyến,Tổng,2G - Số vị trí 2G,1059.0,
2026-08,I. Vô tuyến,Tổng,2G - Tổng thuê bao,125153.0,
2026-08,I. Vô tuyến,Tổng,2G độc lập,0.0,
2026-08,I. Vô tuyến,Tổng,3G - 3G độc lập,9.0,
2026-08,I. Vô tuyến,Tổng,3G - Số vị trí 3G,103.0,
2026-08,I. Vô tuyến,Tổng,3G - Tổng thuê bao,2039.0,
2026-08,I. Vô tuyến,Tổng,3G độc lập,9.0,
2026-08,I. Vô tuyến,Tổng,4G - 4G độc lập,1508.0,
2026-08,I. Vô tuyến,Tổng,4G - Trạm 4G,3225.0,
2026-08,I. Vô tuyến,Tổng,4G - Tổng thuê bao,3034227.0,
2026-08,I. Vô tuyến,Tổng,4G độc lập,1508.0,
2026-08,I. Vô tuyến,Tổng,5G - 5G độc lập,0.0,
2026-08,I. Vô tuyến,Tổng,5G - Trạm 5G,1213.0,
2026-08,I. Vô tuyến,Tổng,5G - Tổng thuê bao,0.0,
2026-08,I. Vô tuyến,Tổng,AP-độc lập,23.0,
2026-08,I. Vô tuyến,Tổng,Femto cell,218.0,
2026-08,I. Vô tuyến,Tổng,Smallcell,183.0,
2026-08,I. Vô tuyến,Tổng,Số vị trí 2G,1059.0,
2026-08,I. Vô tuyến,Tổng,Số vị trí 3G,103.0,
2026-08,I. Vô tuyến,Tổng,Số vị trí 5G,1213.0,
2026-08,I. Vô tuyến,Tổng,TB di động - Tổng số vị trí,3301.0,
2026-08,I. Vô tuyến,Tổng,"Thuê bao di động - Trạm < 1,000 TB",2033.0,
2026-08,I. Vô tuyến,Tổng,"Thuê bao di động - Trạm > 1,000 TB",782.0,
2026-08,I. Vô tuyến,Tổng,"Thuê bao di động - Trạm> 10,000 TB",1.0,
2026-08,I. Vô tuyến,Tổng,"Thuê bao di động - Trạm> 2,000 TB",321.0,
2026-08,I. Vô tuyến,Tổng,"Thuê bao di động - Trạm> 3,000 TB",124.0,
2026-08,I. Vô tuyến,Tổng,"Thuê bao di động - Trạm> 4,000 TB",33.0,
2026-08,I. Vô tuyến,Tổng,"Thuê bao di động - Trạm> 5,000 TB",6.0,
2026-08,I. Vô tuyến,Tổng,Truyền dẫn độc lập,0.0,
2026-08,I. Vô tuyến,Tổng,Trạm 4G,3225.0,
2026-08,I. Vô tuyến,Tổng,Trạm Inbuiding,97.0,
2026-08,I. Vô tuyến,Tổng,Trạm Macro,2278.0,
2026-08,I. Vô tuyến,Tổng,Trạm RRU,463.0,
2026-08,I. Vô tuyến,Tổng,Trạm UT1 phục vụ kinh doanh,343.0,
2026-08,I. Vô tuyến,Tổng,Trạm XHH,2002.0,
2026-08,I. Vô tuyến,Tổng,Tổng số tủ,2957.0,
2026-08,I. Vô tuyến,Tổng,Tổng số vị trí,3301.0,
2026-08,I. Vô tuyến,Tổng,"Tổng thuê bao (2G, 3G,4G)",3161419.0,
2026-08,I. Vô tuyến,Tổng,Tổng trạm huyện,28.0,
2026-08,I. Vô tuyến,Tổng,Tổng trạm tỉnh,4.0,
2026-08,II: Hạ Tầng,BRA,Loại cột - Cột cóc,1.0,
2026-08,II: Hạ Tầng,BRA,Loại cột - Cột dây co,110.0,
2026-08,II: Hạ Tầng,BRA,Loại cột - Cột khác,43.0,
2026-08,II: Hạ Tầng,BRA,Loại cột - Cột tự đứng,18.0,
2026-08,II: Hạ Tầng,BRA,Loại nhà trạm - DC mini,22.0,
2026-08,II: Hạ Tầng,BRA,Loại nhà trạm - Khác,21.0,
2026-08,II: Hạ Tầng,BRA,Loại nhà trạm - Minishelter,23.0,
2026-08,II: Hạ Tầng,BRA,Loại nhà trạm - Nhà Cabin,1.0,
2026-08,II: Hạ Tầng,BRA,Loại nhà trạm - Nhà container,45.0,
2026-08,II: Hạ Tầng,BRA,Loại nhà trạm - Nhà xây,49.0,
2026-08,II: Hạ Tầng,BRA,Loại nhà trạm - PM Cải tạo,11.0,
2026-08,II: Hạ Tầng,BRA,Mục đích đặt trạm - Trạm phục vụ các bệnh viện,0.0,
2026-08,II: Hạ Tầng,BRA,Mục đích đặt trạm - Trạm phục vụ khu trường học,0.0,
2026-08,II: Hạ Tầng,BRA,Mục đích đặt trạm - Trạm phủ dân,0.0,
2026-08,II: Hạ Tầng,BRA,Mục đích đặt trạm - Trạm phủ khu công nghiệp,0.0,
2026-08,II: Hạ Tầng,BRA,Mục đích đặt trạm - Trạm phủ khu du lịch,0.0,
2026-08,II: Hạ Tầng,BRA,Trạm xã hội hóa - XHH,88.0,
2026-08,II: Hạ Tầng,BRA,Trạm xã hội hóa - XHH ( ngoài),80.0,
2026-08,II: Hạ Tầng,BRA,Trạm xã hội hóa - XHH (VCC),8.0,
2026-08,II: Hạ Tầng,BRA,Tổng vị trí trạm,172.0,
2026-08,II: Hạ Tầng,BRA,Vị trí trạm - Trạm dưới đất,163.0,
2026-08,II: Hạ Tầng,BRA,Vị trí trạm - Trạm trên mái,9.0,
2026-08,II: Hạ Tầng,CDO,Loại cột - Cột cóc,4.0,
2026-08,II: Hạ Tầng,CDO,Loại cột - Cột dây co,14.0,
2026-08,II: Hạ Tầng,CDO,Loại cột - Cột khác,17.0,
2026-08,II: Hạ Tầng,CDO,Loại cột - Cột tự đứng,5.0,
2026-08,II: Hạ Tầng,CDO,Loại nhà trạm - DC mini,12.0,
2026-08,II: Hạ Tầng,CDO,Loại nhà trạm - Khác,5.0,
2026-08,II: Hạ Tầng,CDO,Loại nhà trạm - Minishelter,8.0,
2026-08,II: Hạ Tầng,CDO,Loại nhà trạm - Nhà Cabin,0.0,
2026-08,II: Hạ Tầng,CDO,Loại nhà trạm - Nhà container,4.0,
2026-08,II: Hạ Tầng,CDO,Loại nhà trạm - Nhà xây,10.0,
2026-08,II: Hạ Tầng,CDO,Loại nhà trạm - PM Cải tạo,1.0,
2026-08,II: Hạ Tầng,CDO,Mục đích đặt trạm - Trạm phục vụ các bệnh viện,0.0,
2026-08,II: Hạ Tầng,CDO,Mục đích đặt trạm - Trạm phục vụ khu trường học,0.0,
2026-08,II: Hạ Tầng,CDO,Mục đích đặt trạm - Trạm phủ dân,0.0,
2026-08,II: Hạ Tầng,CDO,Mục đích đặt trạm - Trạm phủ khu công nghiệp,0.0,
2026-08,II: Hạ Tầng,CDO,Mục đích đặt trạm - Trạm phủ khu du lịch,0.0,
2026-08,II: Hạ Tầng,CDO,Trạm xã hội hóa - XHH,25.0,
2026-08,II: Hạ Tầng,CDO,Trạm xã hội hóa - XHH ( ngoài),23.0,
2026-08,II: Hạ Tầng,CDO,Trạm xã hội hóa - XHH (VCC),2.0,
2026-08,II: Hạ Tầng,CDO,Tổng vị trí trạm,40.0,
2026-08,II: Hạ Tầng,CDO,Vị trí trạm - Trạm dưới đất,38.0,
2026-08,II: Hạ Tầng,CDO,Vị trí trạm - Trạm trên mái,2.0,
2026-08,II: Hạ Tầng,CHP,Loại cột - Cột cóc,14.0,
2026-08,II: Hạ Tầng,CHP,Loại cột - Cột dây co,91.0,
2026-08,II: Hạ Tầng,CHP,Loại cột - Cột khác,104.0,
2026-08,II: Hạ Tầng,CHP,Loại cột - Cột tự đứng,119.0,
2026-08,II: Hạ Tầng,CHP,Loại nhà trạm - DC mini,23.0,
2026-08,II: Hạ Tầng,CHP,Loại nhà trạm - Khác,46.0,
2026-08,II: Hạ Tầng,CHP,Loại nhà trạm - Minishelter,145.0,
2026-08,II: Hạ Tầng,CHP,Loại nhà trạm - Nhà Cabin,0.0,
2026-08,II: Hạ Tầng,CHP,Loại nhà trạm - Nhà container,50.0,
2026-08,II: Hạ Tầng,CHP,Loại nhà trạm - Nhà xây,26.0,
2026-08,II: Hạ Tầng,CHP,Loại nhà trạm - PM Cải tạo,38.0,
2026-08,II: Hạ Tầng,CHP,Mục đích đặt trạm - Trạm phục vụ các bệnh viện,0.0,
2026-08,II: Hạ Tầng,CHP,Mục đích đặt trạm - Trạm phục vụ khu trường học,0.0,
2026-08,II: Hạ Tầng,CHP,Mục đích đặt trạm - Trạm phủ dân,0.0,
2026-08,II: Hạ Tầng,CHP,Mục đích đặt trạm - Trạm phủ khu công nghiệp,0.0,
2026-08,II: Hạ Tầng,CHP,Mục đích đặt trạm - Trạm phủ khu du lịch,0.0,
2026-08,II: Hạ Tầng,CHP,Trạm xã hội hóa - XHH,199.0,
2026-08,II: Hạ Tầng,CHP,Trạm xã hội hóa - XHH ( ngoài),167.0,
2026-08,II: Hạ Tầng,CHP,Trạm xã hội hóa - XHH (VCC),32.0,
2026-08,II: Hạ Tầng,CHP,Tổng vị trí trạm,328.0,
2026-08,II: Hạ Tầng,CHP,Vị trí trạm - Trạm dưới đất,291.0,
2026-08,II: Hạ Tầng,CHP,Vị trí trạm - Trạm trên mái,37.0,
2026-08,II: Hạ Tầng,DTG,Loại cột - Cột cóc,0.0,
2026-08,II: Hạ Tầng,DTG,Loại cột - Cột dây co,120.0,
2026-08,II: Hạ Tầng,DTG,Loại cột - Cột khác,21.0,
2026-08,II: Hạ Tầng,DTG,Loại cột - Cột tự đứng,5.0,
2026-08,II: Hạ Tầng,DTG,Loại nhà trạm - DC mini,40.0,
2026-08,II: Hạ Tầng,DTG,Loại nhà trạm - Khác,12.0,
2026-08,II: Hạ Tầng,DTG,Loại nhà trạm - Minishelter,24.0,
2026-08,II: Hạ Tầng,DTG,Loại nhà trạm - Nhà Cabin,0.0,
2026-08,II: Hạ Tầng,DTG,Loại nhà trạm - Nhà container,30.0,
2026-08,II: Hạ Tầng,DTG,Loại nhà trạm - Nhà xây,39.0,
2026-08,II: Hạ Tầng,DTG,Loại nhà trạm - PM Cải tạo,1.0,
2026-08,II: Hạ Tầng,DTG,Mục đích đặt trạm - Trạm phục vụ các bệnh viện,0.0,
2026-08,II: Hạ Tầng,DTG,Mục đích đặt trạm - Trạm phục vụ khu trường học,0.0,
2026-08,II: Hạ Tầng,DTG,Mục đích đặt trạm - Trạm phủ dân,0.0,
2026-08,II: Hạ Tầng,DTG,Mục đích đặt trạm - Trạm phủ khu công nghiệp,0.0,
2026-08,II: Hạ Tầng,DTG,Mục đích đặt trạm - Trạm phủ khu du lịch,0.0,
2026-08,II: Hạ Tầng,DTG,Trạm xã hội hóa - XHH,73.0,
2026-08,II: Hạ Tầng,DTG,Trạm xã hội hóa - XHH ( ngoài),41.0,
2026-08,II: Hạ Tầng,DTG,Trạm xã hội hóa - XHH (VCC),32.0,
2026-08,II: Hạ Tầng,DTG,Tổng vị trí trạm,146.0,
2026-08,II: Hạ Tầng,DTG,Vị trí trạm - Trạm dưới đất,146.0,
2026-08,II: Hạ Tầng,DTG,Vị trí trạm - Trạm trên mái,0.0,
2026-08,II: Hạ Tầng,HTM,Loại cột - Cột cóc,3.0,
2026-08,II: Hạ Tầng,HTM,Loại cột - Cột dây co,131.0,
2026-08,II: Hạ Tầng,HTM,Loại cột - Cột khác,23.0,
2026-08,II: Hạ Tầng,HTM,Loại cột - Cột tự đứng,19.0,
2026-08,II: Hạ Tầng,HTM,Loại nhà trạm - DC mini,32.0,
2026-08,II: Hạ Tầng,HTM,Loại nhà trạm - Khác,7.0,
2026-08,II: Hạ Tầng,HTM,Loại nhà trạm - Minishelter,27.0,
2026-08,II: Hạ Tầng,HTM,Loại nhà trạm - Nhà Cabin,0.0,
2026-08,II: Hạ Tầng,HTM,Loại nhà trạm - Nhà container,34.0,
2026-08,II: Hạ Tầng,HTM,Loại nhà trạm - Nhà xây,66.0,
2026-08,II: Hạ Tầng,HTM,Loại nhà trạm - PM Cải tạo,10.0,
2026-08,II: Hạ Tầng,HTM,Mục đích đặt trạm - Trạm phục vụ các bệnh viện,0.0,
2026-08,II: Hạ Tầng,HTM,Mục đích đặt trạm - Trạm phục vụ khu trường học,0.0,
2026-08,II: Hạ Tầng,HTM,Mục đích đặt trạm - Trạm phủ dân,0.0,
2026-08,II: Hạ Tầng,HTM,Mục đích đặt trạm - Trạm phủ khu công nghiệp,0.0,
2026-08,II: Hạ Tầng,HTM,Mục đích đặt trạm - Trạm phủ khu du lịch,0.0,
2026-08,II: Hạ Tầng,HTM,Trạm xã hội hóa - XHH,81.0,
2026-08,II: Hạ Tầng,HTM,Trạm xã hội hóa - XHH ( ngoài),73.0,
2026-08,II: Hạ Tầng,HTM,Trạm xã hội hóa - XHH (VCC),8.0,
2026-08,II: Hạ Tầng,HTM,Tổng vị trí trạm,176.0,
2026-08,II: Hạ Tầng,HTM,Vị trí trạm - Trạm dưới đất,174.0,
2026-08,II: Hạ Tầng,HTM,Vị trí trạm - Trạm trên mái,2.0,
2026-08,II: Hạ Tầng,NGO,Loại cột - Cột cóc,0.0,
2026-08,II: Hạ Tầng,NGO,Loại cột - Cột dây co,93.0,
2026-08,II: Hạ Tầng,NGO,Loại cột - Cột khác,17.0,
2026-08,II: Hạ Tầng,NGO,Loại cột - Cột tự đứng,11.0,
2026-08,II: Hạ Tầng,NGO,Loại nhà trạm - DC mini,29.0,
2026-08,II: Hạ Tầng,NGO,Loại nhà trạm - Khác,7.0,
2026-08,II: Hạ Tầng,NGO,Loại nhà trạm - Minishelter,19.0,
2026-08,II: Hạ Tầng,NGO,Loại nhà trạm - Nhà Cabin,0.0,
2026-08,II: Hạ Tầng,NGO,Loại nhà trạm - Nhà container,29.0,
2026-08,II: Hạ Tầng,NGO,Loại nhà trạm - Nhà xây,36.0,
2026-08,II: Hạ Tầng,NGO,Loại nhà trạm - PM Cải tạo,1.0,
2026-08,II: Hạ Tầng,NGO,Mục đích đặt trạm - Trạm phục vụ các bệnh viện,0.0,
2026-08,II: Hạ Tầng,NGO,Mục đích đặt trạm - Trạm phục vụ khu trường học,0.0,
2026-08,II: Hạ Tầng,NGO,Mục đích đặt trạm - Trạm phủ dân,0.0,
2026-08,II: Hạ Tầng,NGO,Mục đích đặt trạm - Trạm phủ khu công nghiệp,0.0,
2026-08,II: Hạ Tầng,NGO,Mục đích đặt trạm - Trạm phủ khu du lịch,0.0,
2026-08,II: Hạ Tầng,NGO,Trạm xã hội hóa - XHH,61.0,
2026-08,II: Hạ Tầng,NGO,Trạm xã hội hóa - XHH ( ngoài),60.0,
2026-08,II: Hạ Tầng,NGO,Trạm xã hội hóa - XHH (VCC),1.0,
2026-08,II: Hạ Tầng,NGO,Tổng vị trí trạm,121.0,
2026-08,II: Hạ Tầng,NGO,Vị trí trạm - Trạm dưới đất,121.0,
2026-08,II: Hạ Tầng,NGO,Vị trí trạm - Trạm trên mái,0.0,
2026-08,II: Hạ Tầng,PGO,Loại cột - Cột cóc,0.0,
2026-08,II: Hạ Tầng,PGO,Loại cột - Cột dây co,100.0,
2026-08,II: Hạ Tầng,PGO,Loại cột - Cột khác,8.0,
2026-08,II: Hạ Tầng,PGO,Loại cột - Cột tự đứng,9.0,
2026-08,II: Hạ Tầng,PGO,Loại nhà trạm - DC mini,39.0,
2026-08,II: Hạ Tầng,PGO,Loại nhà trạm - Khác,2.0,
2026-08,II: Hạ Tầng,PGO,Loại nhà trạm - Minishelter,12.0,
2026-08,II: Hạ Tầng,PGO,Loại nhà trạm - Nhà Cabin,0.0,
2026-08,II: Hạ Tầng,PGO,Loại nhà trạm - Nhà container,35.0,
2026-08,II: Hạ Tầng,PGO,Loại nhà trạm - Nhà xây,29.0,
2026-08,II: Hạ Tầng,PGO,Loại nhà trạm - PM Cải tạo,0.0,
2026-08,II: Hạ Tầng,PGO,Mục đích đặt trạm - Trạm phục vụ các bệnh viện,0.0,
2026-08,II: Hạ Tầng,PGO,Mục đích đặt trạm - Trạm phục vụ khu trường học,0.0,
2026-08,II: Hạ Tầng,PGO,Mục đích đặt trạm - Trạm phủ dân,0.0,
2026-08,II: Hạ Tầng,PGO,Mục đích đặt trạm - Trạm phủ khu công nghiệp,0.0,
2026-08,II: Hạ Tầng,PGO,Mục đích đặt trạm - Trạm phủ khu du lịch,0.0,
2026-08,II: Hạ Tầng,PGO,Trạm xã hội hóa - XHH,53.0,
2026-08,II: Hạ Tầng,PGO,Trạm xã hội hóa - XHH ( ngoài),32.0,
2026-08,II: Hạ Tầng,PGO,Trạm xã hội hóa - XHH (VCC),21.0,
2026-08,II: Hạ Tầng,PGO,Tổng vị trí trạm,117.0,
2026-08,II: Hạ Tầng,PGO,Vị trí trạm - Trạm dưới đất,117.0,
2026-08,II: Hạ Tầng,PGO,Vị trí trạm - Trạm trên mái,0.0,
2026-08,II: Hạ Tầng,PMY,Loại cột - Cột cóc,5.0,
2026-08,II: Hạ Tầng,PMY,Loại cột - Cột dây co,95.0,
2026-08,II: Hạ Tầng,PMY,Loại cột - Cột khác,44.0,
2026-08,II: Hạ Tầng,PMY,Loại cột - Cột tự đứng,42.0,
2026-08,II: Hạ Tầng,PMY,Loại nhà trạm - DC mini,20.0,
2026-08,II: Hạ Tầng,PMY,Loại nhà trạm - Khác,21.0,
2026-08,II: Hạ Tầng,PMY,Loại nhà trạm - Minishelter,62.0,
2026-08,II: Hạ Tầng,PMY,Loại nhà trạm - Nhà Cabin,0.0,
2026-08,II: Hạ Tầng,PMY,Loại nhà trạm - Nhà container,37.0,
2026-08,II: Hạ Tầng,PMY,Loại nhà trạm - Nhà xây,41.0,
2026-08,II: Hạ Tầng,PMY,Loại nhà trạm - PM Cải tạo,5.0,
2026-08,II: Hạ Tầng,PMY,Mục đích đặt trạm - Trạm phục vụ các bệnh viện,0.0,
2026-08,II: Hạ Tầng,PMY,Mục đích đặt trạm - Trạm phục vụ khu trường học,0.0,
2026-08,II: Hạ Tầng,PMY,Mục đích đặt trạm - Trạm phủ dân,0.0,
2026-08,II: Hạ Tầng,PMY,Mục đích đặt trạm - Trạm phủ khu công nghiệp,0.0,
2026-08,II: Hạ Tầng,PMY,Mục đích đặt trạm - Trạm phủ khu du lịch,0.0,
2026-08,II: Hạ Tầng,PMY,Trạm xã hội hóa - XHH,114.0,
2026-08,II: Hạ Tầng,PMY,Trạm xã hội hóa - XHH ( ngoài),105.0,
2026-08,II: Hạ Tầng,PMY,Trạm xã hội hóa - XHH (VCC),9.0,
2026-08,II: Hạ Tầng,PMY,Tổng vị trí trạm,186.0,
2026-08,II: Hạ Tầng,PMY,Vị trí trạm - Trạm dưới đất,182.0,
2026-08,II: Hạ Tầng,PMY,Vị trí trạm - Trạm trên mái,4.0,
2026-08,II: Hạ Tầng,TDH,Loại cột - Cột cóc,6.0,
2026-08,II: Hạ Tầng,TDH,Loại cột - Cột dây co,96.0,
2026-08,II: Hạ Tầng,TDH,Loại cột - Cột khác,114.0,
2026-08,II: Hạ Tầng,TDH,Loại cột - Cột tự đứng,64.0,
2026-08,II: Hạ Tầng,TDH,Loại nhà trạm - DC mini,13.0,
2026-08,II: Hạ Tầng,TDH,Loại nhà trạm - Khác,42.0,
2026-08,II: Hạ Tầng,TDH,Loại nhà trạm - Minishelter,105.0,
2026-08,II: Hạ Tầng,TDH,Loại nhà trạm - Nhà Cabin,2.0,
2026-08,II: Hạ Tầng,TDH,Loại nhà trạm - Nhà container,43.0,
2026-08,II: Hạ Tầng,TDH,Loại nhà trạm - Nhà xây,21.0,
2026-08,II: Hạ Tầng,TDH,Loại nhà trạm - PM Cải tạo,54.0,
2026-08,II: Hạ Tầng,TDH,Mục đích đặt trạm - Trạm phục vụ các bệnh viện,0.0,
2026-08,II: Hạ Tầng,TDH,Mục đích đặt trạm - Trạm phục vụ khu trường học,0.0,
2026-08,II: Hạ Tầng,TDH,Mục đích đặt trạm - Trạm phủ dân,0.0,
2026-08,II: Hạ Tầng,TDH,Mục đích đặt trạm - Trạm phủ khu công nghiệp,0.0,
2026-08,II: Hạ Tầng,TDH,Mục đích đặt trạm - Trạm phủ khu du lịch,0.0,
2026-08,II: Hạ Tầng,TDH,Trạm xã hội hóa - XHH,170.0,
2026-08,II: Hạ Tầng,TDH,Trạm xã hội hóa - XHH ( ngoài),111.0,
2026-08,II: Hạ Tầng,TDH,Trạm xã hội hóa - XHH (VCC),59.0,
2026-08,II: Hạ Tầng,TDH,Tổng vị trí trạm,280.0,
2026-08,II: Hạ Tầng,TDH,Vị trí trạm - Trạm dưới đất,214.0,
2026-08,II: Hạ Tầng,TDH,Vị trí trạm - Trạm trên mái,66.0,
2026-08,II: Hạ Tầng,TGO,Loại cột - Cột cóc,24.0,
2026-08,II: Hạ Tầng,TGO,Loại cột - Cột dây co,151.0,
2026-08,II: Hạ Tầng,TGO,Loại cột - Cột khác,161.0,
2026-08,II: Hạ Tầng,TGO,Loại cột - Cột tự đứng,101.0,
2026-08,II: Hạ Tầng,TGO,Loại nhà trạm - DC mini,33.0,
2026-08,II: Hạ Tầng,TGO,Loại nhà trạm - Khác,83.0,
2026-08,II: Hạ Tầng,TGO,Loại nhà trạm - Minishelter,163.0,
2026-08,II: Hạ Tầng,TGO,Loại nhà trạm - Nhà Cabin,0.0,
2026-08,II: Hạ Tầng,TGO,Loại nhà trạm - Nhà container,73.0,
2026-08,II: Hạ Tầng,TGO,Loại nhà trạm - Nhà xây,36.0,
2026-08,II: Hạ Tầng,TGO,Loại nhà trạm - PM Cải tạo,49.0,
2026-08,II: Hạ Tầng,TGO,Mục đích đặt trạm - Trạm phục vụ các bệnh viện,0.0,
2026-08,II: Hạ Tầng,TGO,Mục đích đặt trạm - Trạm phục vụ khu trường học,0.0,
2026-08,II: Hạ Tầng,TGO,Mục đích đặt trạm - Trạm phủ dân,0.0,
2026-08,II: Hạ Tầng,TGO,Mục đích đặt trạm - Trạm phủ khu công nghiệp,0.0,
2026-08,II: Hạ Tầng,TGO,Mục đích đặt trạm - Trạm phủ khu du lịch,0.0,
2026-08,II: Hạ Tầng,TGO,Trạm xã hội hóa - XHH,293.0,
2026-08,II: Hạ Tầng,TGO,Trạm xã hội hóa - XHH ( ngoài),165.0,
2026-08,II: Hạ Tầng,TGO,Trạm xã hội hóa - XHH (VCC),128.0,
2026-08,II: Hạ Tầng,TGO,Tổng vị trí trạm,437.0,
2026-08,II: Hạ Tầng,TGO,Vị trí trạm - Trạm dưới đất,337.0,
2026-08,II: Hạ Tầng,TGO,Vị trí trạm - Trạm trên mái,100.0,
2026-08,II: Hạ Tầng,THA,Loại cột - Cột cóc,1.0,
2026-08,II: Hạ Tầng,THA,Loại cột - Cột dây co,134.0,
2026-08,II: Hạ Tầng,THA,Loại cột - Cột khác,147.0,
2026-08,II: Hạ Tầng,THA,Loại cột - Cột tự đứng,211.0,
2026-08,II: Hạ Tầng,THA,Loại nhà trạm - DC mini,44.0,
2026-08,II: Hạ Tầng,THA,Loại nhà trạm - Khác,35.0,
2026-08,II: Hạ Tầng,THA,Loại nhà trạm - Minishelter,271.0,
2026-08,II: Hạ Tầng,THA,Loại nhà trạm - Nhà Cabin,0.0,
2026-08,II: Hạ Tầng,THA,Loại nhà trạm - Nhà container,65.0,
2026-08,II: Hạ Tầng,THA,Loại nhà trạm - Nhà xây,60.0,
2026-08,II: Hạ Tầng,THA,Loại nhà trạm - PM Cải tạo,18.0,
2026-08,II: Hạ Tầng,THA,Mục đích đặt trạm - Trạm phục vụ các bệnh viện,0.0,
2026-08,II: Hạ Tầng,THA,Mục đích đặt trạm - Trạm phục vụ khu trường học,0.0,
2026-08,II: Hạ Tầng,THA,Mục đích đặt trạm - Trạm phủ dân,0.0,
2026-08,II: Hạ Tầng,THA,Mục đích đặt trạm - Trạm phủ khu công nghiệp,0.0,
2026-08,II: Hạ Tầng,THA,Mục đích đặt trạm - Trạm phủ khu du lịch,0.0,
2026-08,II: Hạ Tầng,THA,Trạm xã hội hóa - XHH,352.0,
2026-08,II: Hạ Tầng,THA,Trạm xã hội hóa - XHH ( ngoài),265.0,
2026-08,II: Hạ Tầng,THA,Trạm xã hội hóa - XHH (VCC),87.0,
2026-08,II: Hạ Tầng,THA,Tổng vị trí trạm,493.0,
2026-08,II: Hạ Tầng,THA,Vị trí trạm - Trạm dưới đất,475.0,
2026-08,II: Hạ Tầng,THA,Vị trí trạm - Trạm trên mái,18.0,
2026-08,II: Hạ Tầng,TTG,Loại cột - Cột cóc,40.0,
2026-08,II: Hạ Tầng,TTG,Loại cột - Cột dây co,117.0,
2026-08,II: Hạ Tầng,TTG,Loại cột - Cột khác,141.0,
2026-08,II: Hạ Tầng,TTG,Loại cột - Cột tự đứng,33.0,
2026-08,II: Hạ Tầng,TTG,Loại nhà trạm - DC mini,52.0,
2026-08,II: Hạ Tầng,TTG,Loại nhà trạm - Khác,67.0,
2026-08,II: Hạ Tầng,TTG,Loại nhà trạm - Minishelter,34.0,
2026-08,II: Hạ Tầng,TTG,Loại nhà trạm - Nhà Cabin,0.0,
2026-08,II: Hạ Tầng,TTG,Loại nhà trạm - Nhà container,64.0,
2026-08,II: Hạ Tầng,TTG,Loại nhà trạm - Nhà xây,37.0,
2026-08,II: Hạ Tầng,TTG,Loại nhà trạm - PM Cải tạo,77.0,
2026-08,II: Hạ Tầng,TTG,Mục đích đặt trạm - Trạm phục vụ các bệnh viện,0.0,
2026-08,II: Hạ Tầng,TTG,Mục đích đặt trạm - Trạm phục vụ khu trường học,0.0,
2026-08,II: Hạ Tầng,TTG,Mục đích đặt trạm - Trạm phủ dân,0.0,
2026-08,II: Hạ Tầng,TTG,Mục đích đặt trạm - Trạm phủ khu công nghiệp,0.0,
2026-08,II: Hạ Tầng,TTG,Mục đích đặt trạm - Trạm phủ khu du lịch,0.0,
2026-08,II: Hạ Tầng,TTG,Trạm xã hội hóa - XHH,150.0,
2026-08,II: Hạ Tầng,TTG,Trạm xã hội hóa - XHH ( ngoài),145.0,
2026-08,II: Hạ Tầng,TTG,Trạm xã hội hóa - XHH (VCC),5.0,
2026-08,II: Hạ Tầng,TTG,Tổng vị trí trạm,331.0,
2026-08,II: Hạ Tầng,TTG,Vị trí trạm - Trạm dưới đất,268.0,
2026-08,II: Hạ Tầng,TTG,Vị trí trạm - Trạm trên mái,63.0,
2026-08,II: Hạ Tầng,TUN,Loại cột - Cột cóc,2.0,
2026-08,II: Hạ Tầng,TUN,Loại cột - Cột dây co,141.0,
2026-08,II: Hạ Tầng,TUN,Loại cột - Cột khác,133.0,
2026-08,II: Hạ Tầng,TUN,Loại cột - Cột tự đứng,198.0,
2026-08,II: Hạ Tầng,TUN,Loại nhà trạm - DC mini,45.0,
2026-08,II: Hạ Tầng,TUN,Loại nhà trạm - Khác,49.0,
2026-08,II: Hạ Tầng,TUN,Loại nhà trạm - Minishelter,233.0,
2026-08,II: Hạ Tầng,TUN,Loại nhà trạm - Nhà Cabin,2.0,
2026-08,II: Hạ Tầng,TUN,Loại nhà trạm - Nhà container,74.0,
2026-08,II: Hạ Tầng,TUN,Loại nhà trạm - Nhà xây,61.0,
2026-08,II: Hạ Tầng,TUN,Loại nhà trạm - PM Cải tạo,10.0,
2026-08,II: Hạ Tầng,TUN,Mục đích đặt trạm - Trạm phục vụ các bệnh viện,0.0,
2026-08,II: Hạ Tầng,TUN,Mục đích đặt trạm - Trạm phục vụ khu trường học,0.0,
2026-08,II: Hạ Tầng,TUN,Mục đích đặt trạm - Trạm phủ dân,0.0,
2026-08,II: Hạ Tầng,TUN,Mục đích đặt trạm - Trạm phủ khu công nghiệp,0.0,
2026-08,II: Hạ Tầng,TUN,Mục đích đặt trạm - Trạm phủ khu du lịch,0.0,
2026-08,II: Hạ Tầng,TUN,Trạm xã hội hóa - XHH,343.0,
2026-08,II: Hạ Tầng,TUN,Trạm xã hội hóa - XHH ( ngoài),261.0,
2026-08,II: Hạ Tầng,TUN,Trạm xã hội hóa - XHH (VCC),82.0,
2026-08,II: Hạ Tầng,TUN,Tổng vị trí trạm,474.0,
2026-08,II: Hạ Tầng,TUN,Vị trí trạm - Trạm dưới đất,460.0,
2026-08,II: Hạ Tầng,TUN,Vị trí trạm - Trạm trên mái,14.0,
2026-08,II: Hạ Tầng,Tổng,Loại cột - Cột cóc,100.0,
2026-08,II: Hạ Tầng,Tổng,Loại cột - Cột dây co,1393.0,
2026-08,II: Hạ Tầng,Tổng,Loại cột - Cột khác,973.0,
2026-08,II: Hạ Tầng,Tổng,Loại cột - Cột tự đứng,835.0,
2026-08,II: Hạ Tầng,Tổng,Loại nhà trạm - DC mini,404.0,
2026-08,II: Hạ Tầng,Tổng,Loại nhà trạm - Khác,397.0,
2026-08,II: Hạ Tầng,Tổng,Loại nhà trạm - Minishelter,1126.0,
2026-08,II: Hạ Tầng,Tổng,Loại nhà trạm - Nhà Cabin,5.0,
2026-08,II: Hạ Tầng,Tổng,Loại nhà trạm - Nhà container,583.0,
2026-08,II: Hạ Tầng,Tổng,Loại nhà trạm - Nhà xây,511.0,
2026-08,II: Hạ Tầng,Tổng,Loại nhà trạm - PM Cải tạo,275.0,
2026-08,II: Hạ Tầng,Tổng,Mục đích đặt trạm - Trạm phục vụ các bệnh viện,0.0,
2026-08,II: Hạ Tầng,Tổng,Mục đích đặt trạm - Trạm phục vụ khu trường học,0.0,
2026-08,II: Hạ Tầng,Tổng,Mục đích đặt trạm - Trạm phủ dân,0.0,
2026-08,II: Hạ Tầng,Tổng,Mục đích đặt trạm - Trạm phủ khu công nghiệp,0.0,
2026-08,II: Hạ Tầng,Tổng,Mục đích đặt trạm - Trạm phủ khu du lịch,0.0,
2026-08,II: Hạ Tầng,Tổng,Trạm xã hội hóa - XHH,2002.0,
2026-08,II: Hạ Tầng,Tổng,Trạm xã hội hóa - XHH ( ngoài),1528.0,
2026-08,II: Hạ Tầng,Tổng,Trạm xã hội hóa - XHH (VCC),474.0,
2026-08,II: Hạ Tầng,Tổng,Tổng vị trí trạm,3301.0,
2026-08,II: Hạ Tầng,Tổng,Vị trí trạm - Trạm dưới đất,2986.0,
2026-08,II: Hạ Tầng,Tổng,Vị trí trạm - Trạm trên mái,315.0,
2026-08,III. Truyền dẫn,BRA,Chiều dài tuyến (Km) - Liên tỉnh,32.641,
2026-08,III. Truyền dẫn,BRA,Chiều dài tuyến (Km) - Nội hạt,27.554,
2026-08,III. Truyền dẫn,BRA,Chiều dài tuyến (Km) - Truy nhập,633.56258,
2026-08,III. Truyền dẫn,BRA,Chiều dài tuyến (Km) - Tổng chiều dài cáp,730.4695800000001,
2026-08,III. Truyền dẫn,BRA,Chiều dài tuyến (Km) - Đường trục,36.712,
2026-08,III. Truyền dẫn,BRA,METRO - AGG_DISTRICT,1.0,
2026-08,III. Truyền dẫn,BRA,METRO - BRAS,0.0,
2026-08,III. Truyền dẫn,BRA,METRO - CORE_PROVINCE,1.0,
2026-08,III. Truyền dẫn,BRA,METRO - DSLAM,1.0,
2026-08,III. Truyền dẫn,BRA,METRO - EDGE_LAYER,0.0,
2026-08,III. Truyền dẫn,BRA,METRO - SITE_ROUTER,185.0,
2026-08,III. Truyền dẫn,BRA,METRO - SWITCH,55.0,
2026-08,III. Truyền dẫn,BRA,Thiết bị truyền dẫn - DWDM,7.0,
2026-08,III. Truyền dẫn,BRA,Thiết bị truyền dẫn - STM1,32.0,
2026-08,III. Truyền dẫn,BRA,Thiết bị truyền dẫn - STM16,4.0,
2026-08,III. Truyền dẫn,BRA,Thiết bị truyền dẫn - STM4,23.0,
2026-08,III. Truyền dẫn,BRA,Thiết bị truyền dẫn - STM64,2.0,
2026-08,III. Truyền dẫn,BRA,Thiết bị truyền dẫn - Viba IP,0.0,
2026-08,III. Truyền dẫn,BRA,Thông tin tuyến,542.0,
2026-08,III. Truyền dẫn,BRA,Tổng vị trí trạm,172.0,
2026-08,III. Truyền dẫn,CDO,Chiều dài tuyến (Km) - Liên tỉnh,0.0,
2026-08,III. Truyền dẫn,CDO,Chiều dài tuyến (Km) - Nội hạt,6.941,
2026-08,III. Truyền dẫn,CDO,Chiều dài tuyến (Km) - Truy nhập,77.46782,
2026-08,III. Truyền dẫn,CDO,Chiều dài tuyến (Km) - Tổng chiều dài cáp,84.40882,
2026-08,III. Truyền dẫn,CDO,Chiều dài tuyến (Km) - Đường trục,0.0,
2026-08,III. Truyền dẫn,CDO,METRO - AGG_DISTRICT,0.0,
2026-08,III. Truyền dẫn,CDO,METRO - BRAS,0.0,
2026-08,III. Truyền dẫn,CDO,METRO - CORE_PROVINCE,0.0,
2026-08,III. Truyền dẫn,CDO,METRO - DSLAM,0.0,
2026-08,III. Truyền dẫn,CDO,METRO - EDGE_LAYER,0.0,
2026-08,III. Truyền dẫn,CDO,METRO - SITE_ROUTER,16.0,
2026-08,III. Truyền dẫn,CDO,METRO - SWITCH,2.0,
2026-08,III. Truyền dẫn,CDO,Thiết bị truyền dẫn - DWDM,0.0,
2026-08,III. Truyền dẫn,CDO,Thiết bị truyền dẫn - STM1,3.0,
2026-08,III. Truyền dẫn,CDO,Thiết bị truyền dẫn - STM16,0.0,
2026-08,III. Truyền dẫn,CDO,Thiết bị truyền dẫn - STM4,11.0,
2026-08,III. Truyền dẫn,CDO,Thiết bị truyền dẫn - STM64,0.0,
2026-08,III. Truyền dẫn,CDO,Thiết bị truyền dẫn - Viba IP,14.0,
2026-08,III. Truyền dẫn,CDO,Thông tin tuyến,84.0,
2026-08,III. Truyền dẫn,CDO,Tổng vị trí trạm,40.0,
2026-08,III. Truyền dẫn,CHP,Chiều dài tuyến (Km) - Liên tỉnh,27.661,
2026-08,III. Truyền dẫn,CHP,Chiều dài tuyến (Km) - Nội hạt,53.454370000000004,
2026-08,III. Truyền dẫn,CHP,Chiều dài tuyến (Km) - Truy nhập,975.6067200000002,
2026-08,III. Truyền dẫn,CHP,Chiều dài tuyến (Km) - Tổng chiều dài cáp,1127.3720900000003,
2026-08,III. Truyền dẫn,CHP,Chiều dài tuyến (Km) - Đường trục,70.65,
2026-08,III. Truyền dẫn,CHP,METRO - AGG_DISTRICT,4.0,
2026-08,III. Truyền dẫn,CHP,METRO - BRAS,2.0,
2026-08,III. Truyền dẫn,CHP,METRO - CORE_PROVINCE,0.0,
2026-08,III. Truyền dẫn,CHP,METRO - DSLAM,0.0,
2026-08,III. Truyền dẫn,CHP,METRO - EDGE_LAYER,0.0,
2026-08,III. Truyền dẫn,CHP,METRO - SITE_ROUTER,279.0,
2026-08,III. Truyền dẫn,CHP,METRO - SWITCH,109.0,
2026-08,III. Truyền dẫn,CHP,Thiết bị truyền dẫn - DWDM,11.0,
2026-08,III. Truyền dẫn,CHP,Thiết bị truyền dẫn - STM1,7.0,
2026-08,III. Truyền dẫn,CHP,Thiết bị truyền dẫn - STM16,1.0,
2026-08,III. Truyền dẫn,CHP,Thiết bị truyền dẫn - STM4,6.0,
2026-08,III. Truyền dẫn,CHP,Thiết bị truyền dẫn - STM64,0.0,
2026-08,III. Truyền dẫn,CHP,Thiết bị truyền dẫn - Viba IP,41.0,
2026-08,III. Truyền dẫn,CHP,Thông tin tuyến,879.0,
2026-08,III. Truyền dẫn,CHP,Tổng vị trí trạm,328.0,
2026-08,III. Truyền dẫn,DTG,Chiều dài tuyến (Km) - Liên tỉnh,2.858,
2026-08,III. Truyền dẫn,DTG,Chiều dài tuyến (Km) - Nội hạt,24.426,
2026-08,III. Truyền dẫn,DTG,Chiều dài tuyến (Km) - Truy nhập,618.00676,
2026-08,III. Truyền dẫn,DTG,Chiều dài tuyến (Km) - Tổng chiều dài cáp,645.29076,
2026-08,III. Truyền dẫn,DTG,Chiều dài tuyến (Km) - Đường trục,0.0,
2026-08,III. Truyền dẫn,DTG,METRO - AGG_DISTRICT,0.0,
2026-08,III. Truyền dẫn,DTG,METRO - BRAS,0.0,
2026-08,III. Truyền dẫn,DTG,METRO - CORE_PROVINCE,0.0,
2026-08,III. Truyền dẫn,DTG,METRO - DSLAM,0.0,
2026-08,III. Truyền dẫn,DTG,METRO - EDGE_LAYER,0.0,
2026-08,III. Truyền dẫn,DTG,METRO - SITE_ROUTER,0.0,
2026-08,III. Truyền dẫn,DTG,METRO - SWITCH,0.0,
2026-08,III. Truyền dẫn,DTG,Thiết bị truyền dẫn - DWDM,0.0,
2026-08,III. Truyền dẫn,DTG,Thiết bị truyền dẫn - STM1,0.0,
2026-08,III. Truyền dẫn,DTG,Thiết bị truyền dẫn - STM16,0.0,
2026-08,III. Truyền dẫn,DTG,Thiết bị truyền dẫn - STM4,0.0,
2026-08,III. Truyền dẫn,DTG,Thiết bị truyền dẫn - STM64,0.0,
2026-08,III. Truyền dẫn,DTG,Thiết bị truyền dẫn - Viba IP,0.0,
2026-08,III. Truyền dẫn,DTG,Thông tin tuyến,241.0,
2026-08,III. Truyền dẫn,DTG,Tổng vị trí trạm,146.0,
2026-08,III. Truyền dẫn,HTM,Chiều dài tuyến (Km) - Liên tỉnh,4.36,
2026-08,III. Truyền dẫn,HTM,Chiều dài tuyến (Km) - Nội hạt,42.12,
2026-08,III. Truyền dẫn,HTM,Chiều dài tuyến (Km) - Truy nhập,694.37627,
2026-08,III. Truyền dẫn,HTM,Chiều dài tuyến (Km) - Tổng chiều dài cáp,757.57627,
2026-08,III. Truyền dẫn,HTM,Chiều dài tuyến (Km) - Đường trục,16.72,
2026-08,III. Truyền dẫn,HTM,METRO - AGG_DISTRICT,0.0,
2026-08,III. Truyền dẫn,HTM,METRO - BRAS,0.0,
2026-08,III. Truyền dẫn,HTM,METRO - CORE_PROVINCE,0.0,
2026-08,III. Truyền dẫn,HTM,METRO - DSLAM,0.0,
2026-08,III. Truyền dẫn,HTM,METRO - EDGE_LAYER,0.0,
2026-08,III. Truyền dẫn,HTM,METRO - SITE_ROUTER,192.0,
2026-08,III. Truyền dẫn,HTM,METRO - SWITCH,38.0,
2026-08,III. Truyền dẫn,HTM,Thiết bị truyền dẫn - DWDM,4.0,
2026-08,III. Truyền dẫn,HTM,Thiết bị truyền dẫn - STM1,23.0,
2026-08,III. Truyền dẫn,HTM,Thiết bị truyền dẫn - STM16,1.0,
2026-08,III. Truyền dẫn,HTM,Thiết bị truyền dẫn - STM4,13.0,
2026-08,III. Truyền dẫn,HTM,Thiết bị truyền dẫn - STM64,0.0,
2026-08,III. Truyền dẫn,HTM,Thiết bị truyền dẫn - Viba IP,2.0,
2026-08,III. Truyền dẫn,HTM,Thông tin tuyến,482.0,
2026-08,III. Truyền dẫn,HTM,Tổng vị trí trạm,176.0,
2026-08,III. Truyền dẫn,NGO,Chiều dài tuyến (Km) - Liên tỉnh,29.629,
2026-08,III. Truyền dẫn,NGO,Chiều dài tuyến (Km) - Nội hạt,46.3,
2026-08,III. Truyền dẫn,NGO,Chiều dài tuyến (Km) - Truy nhập,369.324,
2026-08,III. Truyền dẫn,NGO,Chiều dài tuyến (Km) - Tổng chiều dài cáp,445.25300000000004,
2026-08,III. Truyền dẫn,NGO,Chiều dài tuyến (Km) - Đường trục,0.0,
2026-08,III. Truyền dẫn,NGO,METRO - AGG_DISTRICT,1.0,
2026-08,III. Truyền dẫn,NGO,METRO - BRAS,0.0,
2026-08,III. Truyền dẫn,NGO,METRO - CORE_PROVINCE,0.0,
2026-08,III. Truyền dẫn,NGO,METRO - DSLAM,0.0,
2026-08,III. Truyền dẫn,NGO,METRO - EDGE_LAYER,0.0,
2026-08,III. Truyền dẫn,NGO,METRO - SITE_ROUTER,36.0,
2026-08,III. Truyền dẫn,NGO,METRO - SWITCH,5.0,
2026-08,III. Truyền dẫn,NGO,Thiết bị truyền dẫn - DWDM,1.0,
2026-08,III. Truyền dẫn,NGO,Thiết bị truyền dẫn - STM1,0.0,
2026-08,III. Truyền dẫn,NGO,Thiết bị truyền dẫn - STM16,0.0,
2026-08,III. Truyền dẫn,NGO,Thiết bị truyền dẫn - STM4,0.0,
2026-08,III. Truyền dẫn,NGO,Thiết bị truyền dẫn - STM64,0.0,
2026-08,III. Truyền dẫn,NGO,Thiết bị truyền dẫn - Viba IP,15.0,
2026-08,III. Truyền dẫn,NGO,Thông tin tuyến,328.0,
2026-08,III. Truyền dẫn,NGO,Tổng vị trí trạm,121.0,
2026-08,III. Truyền dẫn,PGO,Chiều dài tuyến (Km) - Liên tỉnh,0.0,
2026-08,III. Truyền dẫn,PGO,Chiều dài tuyến (Km) - Nội hạt,51.14,
2026-08,III. Truyền dẫn,PGO,Chiều dài tuyến (Km) - Truy nhập,478.83088,
2026-08,III. Truyền dẫn,PGO,Chiều dài tuyến (Km) - Tổng chiều dài cáp,529.97088,
2026-08,III. Truyền dẫn,PGO,Chiều dài tuyến (Km) - Đường trục,0.0,
2026-08,III. Truyền dẫn,PGO,METRO - AGG_DISTRICT,0.0,
2026-08,III. Truyền dẫn,PGO,METRO - BRAS,0.0,
2026-08,III. Truyền dẫn,PGO,METRO - CORE_PROVINCE,0.0,
2026-08,III. Truyền dẫn,PGO,METRO - DSLAM,0.0,
2026-08,III. Truyền dẫn,PGO,METRO - EDGE_LAYER,0.0,
2026-08,III. Truyền dẫn,PGO,METRO - SITE_ROUTER,0.0,
2026-08,III. Truyền dẫn,PGO,METRO - SWITCH,0.0,
2026-08,III. Truyền dẫn,PGO,Thiết bị truyền dẫn - DWDM,0.0,
2026-08,III. Truyền dẫn,PGO,Thiết bị truyền dẫn - STM1,0.0,
2026-08,III. Truyền dẫn,PGO,Thiết bị truyền dẫn - STM16,0.0,
2026-08,III. Truyền dẫn,PGO,Thiết bị truyền dẫn - STM4,0.0,
2026-08,III. Truyền dẫn,PGO,Thiết bị truyền dẫn - STM64,0.0,
2026-08,III. Truyền dẫn,PGO,Thiết bị truyền dẫn - Viba IP,0.0,
2026-08,III. Truyền dẫn,PGO,Thông tin tuyến,229.0,
2026-08,III. Truyền dẫn,PGO,Tổng vị trí trạm,117.0,
2026-08,III. Truyền dẫn,PMY,Chiều dài tuyến (Km) - Liên tỉnh,108.145,
2026-08,III. Truyền dẫn,PMY,Chiều dài tuyến (Km) - Nội hạt,49.481,
2026-08,III. Truyền dẫn,PMY,Chiều dài tuyến (Km) - Truy nhập,406.72567,
2026-08,III. Truyền dẫn,PMY,Chiều dài tuyến (Km) - Tổng chiều dài cáp,607.20667,
2026-08,III. Truyền dẫn,PMY,Chiều dài tuyến (Km) - Đường trục,42.855,
2026-08,III. Truyền dẫn,PMY,METRO - AGG_DISTRICT,1.0,
2026-08,III. Truyền dẫn,PMY,METRO - BRAS,0.0,
2026-08,III. Truyền dẫn,PMY,METRO - CORE_PROVINCE,0.0,
2026-08,III. Truyền dẫn,PMY,METRO - DSLAM,0.0,
2026-08,III. Truyền dẫn,PMY,METRO - EDGE_LAYER,0.0,
2026-08,III. Truyền dẫn,PMY,METRO - SITE_ROUTER,126.0,
2026-08,III. Truyền dẫn,PMY,METRO - SWITCH,37.0,
2026-08,III. Truyền dẫn,PMY,Thiết bị truyền dẫn - DWDM,9.0,
2026-08,III. Truyền dẫn,PMY,Thiết bị truyền dẫn - STM1,15.0,
2026-08,III. Truyền dẫn,PMY,Thiết bị truyền dẫn - STM16,1.0,
2026-08,III. Truyền dẫn,PMY,Thiết bị truyền dẫn - STM4,20.0,
2026-08,III. Truyền dẫn,PMY,Thiết bị truyền dẫn - STM64,0.0,
2026-08,III. Truyền dẫn,PMY,Thiết bị truyền dẫn - Viba IP,8.0,
2026-08,III. Truyền dẫn,PMY,Thông tin tuyến,538.0,
2026-08,III. Truyền dẫn,PMY,Tổng vị trí trạm,186.0,
2026-08,III. Truyền dẫn,TDH,Chiều dài tuyến (Km) - Liên tỉnh,12.558,
2026-08,III. Truyền dẫn,TDH,Chiều dài tuyến (Km) - Nội hạt,23.252110000000002,
2026-08,III. Truyền dẫn,TDH,Chiều dài tuyến (Km) - Truy nhập,436.98456999999996,
2026-08,III. Truyền dẫn,TDH,Chiều dài tuyến (Km) - Tổng chiều dài cáp,473.60168,
2026-08,III. Truyền dẫn,TDH,Chiều dài tuyến (Km) - Đường trục,0.807,
2026-08,III. Truyền dẫn,TDH,METRO - AGG_DISTRICT,1.0,
2026-08,III. Truyền dẫn,TDH,METRO - BRAS,0.0,
2026-08,III. Truyền dẫn,TDH,METRO - CORE_PROVINCE,0.0,
2026-08,III. Truyền dẫn,TDH,METRO - DSLAM,0.0,
2026-08,III. Truyền dẫn,TDH,METRO - EDGE_LAYER,0.0,
2026-08,III. Truyền dẫn,TDH,METRO - SITE_ROUTER,257.0,
2026-08,III. Truyền dẫn,TDH,METRO - SWITCH,111.0,
2026-08,III. Truyền dẫn,TDH,Thiết bị truyền dẫn - DWDM,1.0,
2026-08,III. Truyền dẫn,TDH,Thiết bị truyền dẫn - STM1,2.0,
2026-08,III. Truyền dẫn,TDH,Thiết bị truyền dẫn - STM16,0.0,
2026-08,III. Truyền dẫn,TDH,Thiết bị truyền dẫn - STM4,5.0,
2026-08,III. Truyền dẫn,TDH,Thiết bị truyền dẫn - STM64,0.0,
2026-08,III. Truyền dẫn,TDH,Thiết bị truyền dẫn - Viba IP,12.0,
2026-08,III. Truyền dẫn,TDH,Thông tin tuyến,740.0,
2026-08,III. Truyền dẫn,TDH,Tổng vị trí trạm,280.0,
2026-08,III. Truyền dẫn,TGO,Chiều dài tuyến (Km) - Liên tỉnh,37.135,
2026-08,III. Truyền dẫn,TGO,Chiều dài tuyến (Km) - Nội hạt,43.95454,
2026-08,III. Truyền dẫn,TGO,Chiều dài tuyến (Km) - Truy nhập,652.57498,
2026-08,III. Truyền dẫn,TGO,Chiều dài tuyến (Km) - Tổng chiều dài cáp,753.5345199999999,
2026-08,III. Truyền dẫn,TGO,Chiều dài tuyến (Km) - Đường trục,19.87,
2026-08,III. Truyền dẫn,TGO,METRO - AGG_DISTRICT,3.0,
2026-08,III. Truyền dẫn,TGO,METRO - BRAS,2.0,
2026-08,III. Truyền dẫn,TGO,METRO - CORE_PROVINCE,2.0,
2026-08,III. Truyền dẫn,TGO,METRO - DSLAM,0.0,
2026-08,III. Truyền dẫn,TGO,METRO - EDGE_LAYER,2.0,
2026-08,III. Truyền dẫn,TGO,METRO - SITE_ROUTER,367.0,
2026-08,III. Truyền dẫn,TGO,METRO - SWITCH,156.0,
2026-08,III. Truyền dẫn,TGO,Thiết bị truyền dẫn - DWDM,7.0,
2026-08,III. Truyền dẫn,TGO,Thiết bị truyền dẫn - STM1,10.0,
2026-08,III. Truyền dẫn,TGO,Thiết bị truyền dẫn - STM16,0.0,
2026-08,III. Truyền dẫn,TGO,Thiết bị truyền dẫn - STM4,3.0,
2026-08,III. Truyền dẫn,TGO,Thiết bị truyền dẫn - STM64,0.0,
2026-08,III. Truyền dẫn,TGO,Thiết bị truyền dẫn - Viba IP,18.0,
2026-08,III. Truyền dẫn,TGO,Thông tin tuyến,1050.0,
2026-08,III. Truyền dẫn,TGO,Tổng vị trí trạm,437.0,
2026-08,III. Truyền dẫn,THA,Chiều dài tuyến (Km) - Liên tỉnh,13.601,
2026-08,III. Truyền dẫn,THA,Chiều dài tuyến (Km) - Nội hạt,36.03,
2026-08,III. Truyền dẫn,THA,Chiều dài tuyến (Km) - Truy nhập,1042.29028,
2026-08,III. Truyền dẫn,THA,Chiều dài tuyến (Km) - Tổng chiều dài cáp,1117.1212799999998,
2026-08,III. Truyền dẫn,THA,Chiều dài tuyến (Km) - Đường trục,25.2,
2026-08,III. Truyền dẫn,THA,METRO - AGG_DISTRICT,4.0,
2026-08,III. Truyền dẫn,THA,METRO - BRAS,0.0,
2026-08,III. Truyền dẫn,THA,METRO - CORE_PROVINCE,0.0,
2026-08,III. Truyền dẫn,THA,METRO - DSLAM,0.0,
2026-08,III. Truyền dẫn,THA,METRO - EDGE_LAYER,0.0,
2026-08,III. Truyền dẫn,THA,METRO - SITE_ROUTER,305.0,
2026-08,III. Truyền dẫn,THA,METRO - SWITCH,124.0,
2026-08,III. Truyền dẫn,THA,Thiết bị truyền dẫn - DWDM,7.0,
2026-08,III. Truyền dẫn,THA,Thiết bị truyền dẫn - STM1,5.0,
2026-08,III. Truyền dẫn,THA,Thiết bị truyền dẫn - STM16,1.0,
2026-08,III. Truyền dẫn,THA,Thiết bị truyền dẫn - STM4,2.0,
2026-08,III. Truyền dẫn,THA,Thiết bị truyền dẫn - STM64,1.0,
2026-08,III. Truyền dẫn,THA,Thiết bị truyền dẫn - Viba IP,152.0,
2026-08,III. Truyền dẫn,THA,Thông tin tuyến,901.0,
2026-08,III. Truyền dẫn,THA,Tổng vị trí trạm,493.0,
2026-08,III. Truyền dẫn,TTG,Chiều dài tuyến (Km) - Liên tỉnh,33.018,
2026-08,III. Truyền dẫn,TTG,Chiều dài tuyến (Km) - Nội hạt,46.921,
2026-08,III. Truyền dẫn,TTG,Chiều dài tuyến (Km) - Truy nhập,500.0022,
2026-08,III. Truyền dẫn,TTG,Chiều dài tuyến (Km) - Tổng chiều dài cáp,739.4632,
2026-08,III. Truyền dẫn,TTG,Chiều dài tuyến (Km) - Đường trục,159.522,
2026-08,III. Truyền dẫn,TTG,METRO - AGG_DISTRICT,6.0,
2026-08,III. Truyền dẫn,TTG,METRO - BRAS,1.0,
2026-08,III. Truyền dẫn,TTG,METRO - CORE_PROVINCE,2.0,
2026-08,III. Truyền dẫn,TTG,METRO - DSLAM,2.0,
2026-08,III. Truyền dẫn,TTG,METRO - EDGE_LAYER,0.0,
2026-08,III. Truyền dẫn,TTG,METRO - SITE_ROUTER,287.0,
2026-08,III. Truyền dẫn,TTG,METRO - SWITCH,90.0,
2026-08,III. Truyền dẫn,TTG,Thiết bị truyền dẫn - DWDM,18.0,
2026-08,III. Truyền dẫn,TTG,Thiết bị truyền dẫn - STM1,185.0,
2026-08,III. Truyền dẫn,TTG,Thiết bị truyền dẫn - STM16,12.0,
2026-08,III. Truyền dẫn,TTG,Thiết bị truyền dẫn - STM4,71.0,
2026-08,III. Truyền dẫn,TTG,Thiết bị truyền dẫn - STM64,4.0,
2026-08,III. Truyền dẫn,TTG,Thiết bị truyền dẫn - Viba IP,11.0,
2026-08,III. Truyền dẫn,TTG,Thông tin tuyến,928.0,
2026-08,III. Truyền dẫn,TTG,Tổng vị trí trạm,331.0,
2026-08,III. Truyền dẫn,TUN,Chiều dài tuyến (Km) - Liên tỉnh,6.113,
2026-08,III. Truyền dẫn,TUN,Chiều dài tuyến (Km) - Nội hạt,103.9512,
2026-08,III. Truyền dẫn,TUN,Chiều dài tuyến (Km) - Truy nhập,1081.87969,
2026-08,III. Truyền dẫn,TUN,Chiều dài tuyến (Km) - Tổng chiều dài cáp,1191.94389,
2026-08,III. Truyền dẫn,TUN,Chiều dài tuyến (Km) - Đường trục,0.0,
2026-08,III. Truyền dẫn,TUN,METRO - AGG_DISTRICT,3.0,
2026-08,III. Truyền dẫn,TUN,METRO - BRAS,0.0,
2026-08,III. Truyền dẫn,TUN,METRO - CORE_PROVINCE,0.0,
2026-08,III. Truyền dẫn,TUN,METRO - DSLAM,0.0,
2026-08,III. Truyền dẫn,TUN,METRO - EDGE_LAYER,0.0,
2026-08,III. Truyền dẫn,TUN,METRO - SITE_ROUTER,305.0,
2026-08,III. Truyền dẫn,TUN,METRO - SWITCH,141.0,
2026-08,III. Truyền dẫn,TUN,Thiết bị truyền dẫn - DWDM,4.0,
2026-08,III. Truyền dẫn,TUN,Thiết bị truyền dẫn - STM1,7.0,
2026-08,III. Truyền dẫn,TUN,Thiết bị truyền dẫn - STM16,0.0,
2026-08,III. Truyền dẫn,TUN,Thiết bị truyền dẫn - STM4,7.0,
2026-08,III. Truyền dẫn,TUN,Thiết bị truyền dẫn - STM64,0.0,
2026-08,III. Truyền dẫn,TUN,Thiết bị truyền dẫn - Viba IP,38.0,
2026-08,III. Truyền dẫn,TUN,Thông tin tuyến,1124.0,
2026-08,III. Truyền dẫn,TUN,Tổng vị trí trạm,474.0,
2026-08,III. Truyền dẫn,Tổng,Chiều dài tuyến (Km) - Liên tỉnh,99.92599999999999,
2026-08,III. Truyền dẫn,Tổng,Chiều dài tuyến (Km) - Nội hạt,336.20822,
2026-08,III. Truyền dẫn,Tổng,Chiều dài tuyến (Km) - Truy nhập,5286.17388,
2026-08,III. Truyền dẫn,Tổng,Chiều dài tuyến (Km) - Tổng chiều dài cáp,5838.8351,
2026-08,III. Truyền dẫn,Tổng,Chiều dài tuyến (Km) - Đường trục,116.52700000000002,
2026-08,III. Truyền dẫn,Tổng,METRO - AGG_DISTRICT,15.0,
2026-08,III. Truyền dẫn,Tổng,METRO - BRAS,4.0,
2026-08,III. Truyền dẫn,Tổng,METRO - CORE_PROVINCE,2.0,
2026-08,III. Truyền dẫn,Tổng,METRO - DSLAM,0.0,
2026-08,III. Truyền dẫn,Tổng,METRO - EDGE_LAYER,2.0,
2026-08,III. Truyền dẫn,Tổng,METRO - SITE_ROUTER,1513.0,
2026-08,III. Truyền dẫn,Tổng,METRO - SWITCH,641.0,
2026-08,III. Truyền dẫn,Tổng,Thiết bị truyền dẫn - DWDM,30.0,
2026-08,III. Truyền dẫn,Tổng,Thiết bị truyền dẫn - STM1,31.0,
2026-08,III. Truyền dẫn,Tổng,Thiết bị truyền dẫn - STM16,2.0,
2026-08,III. Truyền dẫn,Tổng,Thiết bị truyền dẫn - STM4,23.0,
2026-08,III. Truyền dẫn,Tổng,Thiết bị truyền dẫn - STM64,1.0,
2026-08,III. Truyền dẫn,Tổng,Thiết bị truyền dẫn - Viba IP,261.0,
2026-08,III. Truyền dẫn,Tổng,Thông tin tuyến,5164.0,
2026-08,III. Truyền dẫn,Tổng,Tổng vị trí trạm,3301.0,
2026-08,IV. CĐBR,BRA,GPON - Hiệu suất,0.5905263664357198,
2026-08,IV. CĐBR,BRA,GPON - Số port,41568.0,
2026-08,IV. CĐBR,BRA,GPON - Số tủ cáp,3250.0,
2026-08,IV. CĐBR,BRA,GPON - Tủ 16,959.0,
2026-08,IV. CĐBR,BRA,GPON - Tủ 32,329.0,
2026-08,IV. CĐBR,BRA,GPON - Tủ 4,0.0,
2026-08,IV. CĐBR,BRA,GPON - Tủ 8,1962.0,
2026-08,IV. CĐBR,BRA,GPON - đã sử dụng,24547.0,
2026-08,IV. CĐBR,BRA,Phân loại trạm theo thuê bao FTTH - 1000-1500TB,3.0,
2026-08,IV. CĐBR,BRA,Phân loại trạm theo thuê bao FTTH - 500-1000TB,15.0,
2026-08,IV. CĐBR,BRA,Phân loại trạm theo thuê bao FTTH - Dưới 500TB,24.0,
2026-08,IV. CĐBR,BRA,Phân loại trạm theo thuê bao FTTH - Trên 1500TB,2.0,
2026-08,IV. CĐBR,BRA,Số OLT VHKT,63.0,
2026-08,IV. CĐBR,BRA,Tổng dịch vụ CĐBR,35263.0,
2026-08,IV. CĐBR,BRA,Tổng dịch vụ CĐBR - Dịch vụ khác,188.0,
2026-08,IV. CĐBR,BRA,Tổng dịch vụ CĐBR - FTTH,28042.0,
2026-08,IV. CĐBR,BRA,Tổng dịch vụ CĐBR - THC,898.0,
2026-08,IV. CĐBR,BRA,Tổng dịch vụ CĐBR - THS,6135.0,
2026-08,IV. CĐBR,BRA,Đường dây thuê bao quản lý( Đã quy đổi) - Kênh truyền,122.0,
2026-08,IV. CĐBR,BRA,Đường dây thuê bao quản lý( Đã quy đổi) - Thuê bao AON,262.0,
2026-08,IV. CĐBR,BRA,Đường dây thuê bao quản lý( Đã quy đổi) - Thuê bao GPON,27780.0,
2026-08,IV. CĐBR,BRA,Đường dây thuê bao quản lý( Đã quy đổi) - Thuê bao dự án Tòa Nhà,203.3,
2026-08,IV. CĐBR,CDO,GPON - Hiệu suất,0.6794478527607362,
2026-08,IV. CĐBR,CDO,GPON - Số port,2608.0,
2026-08,IV. CĐBR,CDO,GPON - Số tủ cáp,119.0,
2026-08,IV. CĐBR,CDO,GPON - Tủ 16,72.0,
2026-08,IV. CĐBR,CDO,GPON - Tủ 32,45.0,
2026-08,IV. CĐBR,CDO,GPON - Tủ 4,0.0,
2026-08,IV. CĐBR,CDO,GPON - Tủ 8,2.0,
2026-08,IV. CĐBR,CDO,GPON - đã sử dụng,1772.0,
2026-08,IV. CĐBR,CDO,Phân loại trạm theo thuê bao FTTH - 1000-1500TB,1.0,
2026-08,IV. CĐBR,CDO,Phân loại trạm theo thuê bao FTTH - 500-1000TB,1.0,
2026-08,IV. CĐBR,CDO,Phân loại trạm theo thuê bao FTTH - Dưới 500TB,1.0,
2026-08,IV. CĐBR,CDO,Phân loại trạm theo thuê bao FTTH - Trên 1500TB,0.0,
2026-08,IV. CĐBR,CDO,Số OLT VHKT,4.0,
2026-08,IV. CĐBR,CDO,Tổng dịch vụ CĐBR,1869.0,
2026-08,IV. CĐBR,CDO,Tổng dịch vụ CĐBR - Dịch vụ khác,33.0,
2026-08,IV. CĐBR,CDO,Tổng dịch vụ CĐBR - FTTH,1771.0,
2026-08,IV. CĐBR,CDO,Tổng dịch vụ CĐBR - THC,0.0,
2026-08,IV. CĐBR,CDO,Tổng dịch vụ CĐBR - THS,65.0,
2026-08,IV. CĐBR,CDO,Đường dây thuê bao quản lý( Đã quy đổi) - Kênh truyền,21.0,
2026-08,IV. CĐBR,CDO,Đường dây thuê bao quản lý( Đã quy đổi) - Thuê bao AON,4.0,
2026-08,IV. CĐBR,CDO,Đường dây thuê bao quản lý( Đã quy đổi) - Thuê bao GPON,1767.0,
2026-08,IV. CĐBR,CDO,Đường dây thuê bao quản lý( Đã quy đổi) - Thuê bao dự án Tòa Nhà,0.3,
2026-08,IV. CĐBR,CHP,GPON - Hiệu suất,0.5489840348330914,
2026-08,IV. CĐBR,CHP,GPON - Số port,90948.0,
2026-08,IV. CĐBR,CHP,GPON - Số tủ cáp,6003.0,
2026-08,IV. CĐBR,CHP,GPON - Tủ 16,1624.0,
2026-08,IV. CĐBR,CHP,GPON - Tủ 32,1127.0,
2026-08,IV. CĐBR,CHP,GPON - Tủ 4,467.0,
2026-08,IV. CĐBR,CHP,GPON - Tủ 8,2785.0,
2026-08,IV. CĐBR,CHP,GPON - đã sử dụng,49929.0,
2026-08,IV. CĐBR,CHP,Phân loại trạm theo thuê bao FTTH - 1000-1500TB,11.0,
2026-08,IV. CĐBR,CHP,Phân loại trạm theo thuê bao FTTH - 500-1000TB,20.0,
2026-08,IV. CĐBR,CHP,Phân loại trạm theo thuê bao FTTH - Dưới 500TB,24.0,
2026-08,IV. CĐBR,CHP,Phân loại trạm theo thuê bao FTTH - Trên 1500TB,7.0,
2026-08,IV. CĐBR,CHP,Số OLT VHKT,96.0,
2026-08,IV. CĐBR,CHP,Tổng dịch vụ CĐBR,62203.0,
2026-08,IV. CĐBR,CHP,Tổng dịch vụ CĐBR - Dịch vụ khác,243.0,
2026-08,IV. CĐBR,CHP,Tổng dịch vụ CĐBR - FTTH,49941.0,
2026-08,IV. CĐBR,CHP,Tổng dịch vụ CĐBR - THC,828.0,
2026-08,IV. CĐBR,CHP,Tổng dịch vụ CĐBR - THS,11191.0,
2026-08,IV. CĐBR,CHP,Đường dây thuê bao quản lý( Đã quy đổi) - Kênh truyền,175.0,
2026-08,IV. CĐBR,CHP,Đường dây thuê bao quản lý( Đã quy đổi) - Thuê bao AON,90.0,
2026-08,IV. CĐBR,CHP,Đường dây thuê bao quản lý( Đã quy đổi) - Thuê bao GPON,49851.0,
2026-08,IV. CĐBR,CHP,Đường dây thuê bao quản lý( Đã quy đổi) - Thuê bao dự án Tòa Nhà,1566.0,
2026-08,IV. CĐBR,DTG,GPON - Hiệu suất,0.5628091508656224,
2026-08,IV. CĐBR,DTG,GPON - Số port,19408.0,
2026-08,IV. CĐBR,DTG,GPON - Số tủ cáp,1400.0,
2026-08,IV. CĐBR,DTG,GPON - Tủ 16,396.0,
2026-08,IV. CĐBR,DTG,GPON - Tủ 32,210.0,
2026-08,IV. CĐBR,DTG,GPON - Tủ 4,0.0,
2026-08,IV. CĐBR,DTG,GPON - Tủ 8,794.0,
2026-08,IV. CĐBR,DTG,GPON - đã sử dụng,10923.0,
2026-08,IV. CĐBR,DTG,Phân loại trạm theo thuê bao FTTH - 1000-1500TB,2.0,
2026-08,IV. CĐBR,DTG,Phân loại trạm theo thuê bao FTTH - 500-1000TB,6.0,
2026-08,IV. CĐBR,DTG,Phân loại trạm theo thuê bao FTTH - Dưới 500TB,30.0,
2026-08,IV. CĐBR,DTG,Phân loại trạm theo thuê bao FTTH - Trên 1500TB,0.0,
2026-08,IV. CĐBR,DTG,Số OLT VHKT,39.0,
2026-08,IV. CĐBR,DTG,Tổng dịch vụ CĐBR,14198.0,
2026-08,IV. CĐBR,DTG,Tổng dịch vụ CĐBR - Dịch vụ khác,10.0,
2026-08,IV. CĐBR,DTG,Tổng dịch vụ CĐBR - FTTH,10984.0,
2026-08,IV. CĐBR,DTG,Tổng dịch vụ CĐBR - THC,190.0,
2026-08,IV. CĐBR,DTG,Tổng dịch vụ CĐBR - THS,3014.0,
2026-08,IV. CĐBR,DTG,Đường dây thuê bao quản lý( Đã quy đổi) - Kênh truyền,15.0,
2026-08,IV. CĐBR,DTG,Đường dây thuê bao quản lý( Đã quy đổi) - Thuê bao AON,89.0,
2026-08,IV. CĐBR,DTG,Đường dây thuê bao quản lý( Đã quy đổi) - Thuê bao GPON,10895.0,
2026-08,IV. CĐBR,DTG,Đường dây thuê bao quản lý( Đã quy đổi) - Thuê bao dự án Tòa Nhà,0.0,
2026-08,IV. CĐBR,HTM,GPON - Hiệu suất,0.558913813459268,
2026-08,IV. CĐBR,HTM,GPON - Số port,33880.0,
2026-08,IV. CĐBR,HTM,GPON - Số tủ cáp,3042.0,
2026-08,IV. CĐBR,HTM,GPON - Tủ 16,842.0,
2026-08,IV. CĐBR,HTM,GPON - Tủ 32,85.0,
2026-08,IV. CĐBR,HTM,GPON - Tủ 4,0.0,
2026-08,IV. CĐBR,HTM,GPON - Tủ 8,2115.0,
2026-08,IV. CĐBR,HTM,GPON - đã sử dụng,18936.0,
2026-08,IV. CĐBR,HTM,Phân loại trạm theo thuê bao FTTH - 1000-1500TB,4.0,
2026-08,IV. CĐBR,HTM,Phân loại trạm theo thuê bao FTTH - 500-1000TB,10.0,
2026-08,IV. CĐBR,HTM,Phân loại trạm theo thuê bao FTTH - Dưới 500TB,30.0,
2026-08,IV. CĐBR,HTM,Phân loại trạm theo thuê bao FTTH - Trên 1500TB,0.0,
2026-08,IV. CĐBR,HTM,Số OLT VHKT,57.0,
2026-08,IV. CĐBR,HTM,Tổng dịch vụ CĐBR,25805.0,
2026-08,IV. CĐBR,HTM,Tổng dịch vụ CĐBR - Dịch vụ khác,72.0,
2026-08,IV. CĐBR,HTM,Tổng dịch vụ CĐBR - FTTH,21275.0,
2026-08,IV. CĐBR,HTM,Tổng dịch vụ CĐBR - THC,92.0,
2026-08,IV. CĐBR,HTM,Tổng dịch vụ CĐBR - THS,4366.0,
2026-08,IV. CĐBR,HTM,Đường dây thuê bao quản lý( Đã quy đổi) - Kênh truyền,81.0,
2026-08,IV. CĐBR,HTM,Đường dây thuê bao quản lý( Đã quy đổi) - Thuê bao AON,118.0,
2026-08,IV. CĐBR,HTM,Đường dây thuê bao quản lý( Đã quy đổi) - Thuê bao GPON,21157.0,
2026-08,IV. CĐBR,HTM,Đường dây thuê bao quản lý( Đã quy đổi) - Thuê bao dự án Tòa Nhà,161.8,
2026-08,IV. CĐBR,NGO,GPON - Hiệu suất,0.5513220439691028,
2026-08,IV. CĐBR,NGO,GPON - Số port,26928.0,
2026-08,IV. CĐBR,NGO,GPON - Số tủ cáp,2513.0,
2026-08,IV. CĐBR,NGO,GPON - Tủ 16,706.0,
2026-08,IV. CĐBR,NGO,GPON - Tủ 32,49.0,
2026-08,IV. CĐBR,NGO,GPON - Tủ 4,0.0,
2026-08,IV. CĐBR,NGO,GPON - Tủ 8,1758.0,
2026-08,IV. CĐBR,NGO,GPON - đã sử dụng,14846.0,
2026-08,IV. CĐBR,NGO,Phân loại trạm theo thuê bao FTTH - 1000-1500TB,2.0,
2026-08,IV. CĐBR,NGO,Phân loại trạm theo thuê bao FTTH - 500-1000TB,12.0,
2026-08,IV. CĐBR,NGO,Phân loại trạm theo thuê bao FTTH - Dưới 500TB,18.0,
2026-08,IV. CĐBR,NGO,Phân loại trạm theo thuê bao FTTH - Trên 1500TB,0.0,
2026-08,IV. CĐBR,NGO,Số OLT VHKT,42.0,
2026-08,IV. CĐBR,NGO,Tổng dịch vụ CĐBR,19368.0,
2026-08,IV. CĐBR,NGO,Tổng dịch vụ CĐBR - Dịch vụ khác,54.0,
2026-08,IV. CĐBR,NGO,Tổng dịch vụ CĐBR - FTTH,15806.0,
2026-08,IV. CĐBR,NGO,Tổng dịch vụ CĐBR - THC,166.0,
2026-08,IV. CĐBR,NGO,Tổng dịch vụ CĐBR - THS,3342.0,
2026-08,IV. CĐBR,NGO,Đường dây thuê bao quản lý( Đã quy đổi) - Kênh truyền,27.0,
2026-08,IV. CĐBR,NGO,Đường dây thuê bao quản lý( Đã quy đổi) - Thuê bao AON,59.0,
2026-08,IV. CĐBR,NGO,Đường dây thuê bao quản lý( Đã quy đổi) - Thuê bao GPON,15747.0,
2026-08,IV. CĐBR,NGO,Đường dây thuê bao quản lý( Đã quy đổi) - Thuê bao dự án Tòa Nhà,15.099999999999998,
2026-08,IV. CĐBR,PGO,GPON - Hiệu suất,0.5286888719382998,
2026-08,IV. CĐBR,PGO,GPON - Số port,23598.0,
2026-08,IV. CĐBR,PGO,GPON - Số tủ cáp,1918.0,
2026-08,IV. CĐBR,PGO,GPON - Tủ 16,377.0,
2026-08,IV. CĐBR,PGO,GPON - Tủ 32,257.0,
2026-08,IV. CĐBR,PGO,GPON - Tủ 4,244.0,
2026-08,IV. CĐBR,PGO,GPON - Tủ 8,1040.0,
2026-08,IV. CĐBR,PGO,GPON - đã sử dụng,12476.0,
2026-08,IV. CĐBR,PGO,Phân loại trạm theo thuê bao FTTH - 1000-1500TB,2.0,
2026-08,IV. CĐBR,PGO,Phân loại trạm theo thuê bao FTTH - 500-1000TB,10.0,
2026-08,IV. CĐBR,PGO,Phân loại trạm theo thuê bao FTTH - Dưới 500TB,16.0,
2026-08,IV. CĐBR,PGO,Phân loại trạm theo thuê bao FTTH - Trên 1500TB,0.0,
2026-08,IV. CĐBR,PGO,Số OLT VHKT,29.0,
2026-08,IV. CĐBR,PGO,Tổng dịch vụ CĐBR,16254.0,
2026-08,IV. CĐBR,PGO,Tổng dịch vụ CĐBR - Dịch vụ khác,32.0,
2026-08,IV. CĐBR,PGO,Tổng dịch vụ CĐBR - FTTH,12639.0,
2026-08,IV. CĐBR,PGO,Tổng dịch vụ CĐBR - THC,196.0,
2026-08,IV. CĐBR,PGO,Tổng dịch vụ CĐBR - THS,3387.0,
2026-08,IV. CĐBR,PGO,Đường dây thuê bao quản lý( Đã quy đổi) - Kênh truyền,24.0,
2026-08,IV. CĐBR,PGO,Đường dây thuê bao quản lý( Đã quy đổi) - Thuê bao AON,98.0,
2026-08,IV. CĐBR,PGO,Đường dây thuê bao quản lý( Đã quy đổi) - Thuê bao GPON,12541.0,
2026-08,IV. CĐBR,PGO,Đường dây thuê bao quản lý( Đã quy đổi) - Thuê bao dự án Tòa Nhà,386.5,
2026-08,IV. CĐBR,PMY,GPON - Hiệu suất,0.565791511771995,
2026-08,IV. CĐBR,PMY,GPON - Số port,25824.0,
2026-08,IV. CĐBR,PMY,GPON - Số tủ cáp,2373.0,
2026-08,IV. CĐBR,PMY,GPON - Tủ 16,590.0,
2026-08,IV. CĐBR,PMY,GPON - Tủ 32,75.0,
2026-08,IV. CĐBR,PMY,GPON - Tủ 4,0.0,
2026-08,IV. CĐBR,PMY,GPON - Tủ 8,1708.0,
2026-08,IV. CĐBR,PMY,GPON - đã sử dụng,14611.0,
2026-08,IV. CĐBR,PMY,Phân loại trạm theo thuê bao FTTH - 1000-1500TB,5.0,
2026-08,IV. CĐBR,PMY,Phân loại trạm theo thuê bao FTTH - 500-1000TB,6.0,
2026-08,IV. CĐBR,PMY,Phân loại trạm theo thuê bao FTTH - Dưới 500TB,13.0,
2026-08,IV. CĐBR,PMY,Phân loại trạm theo thuê bao FTTH - Trên 1500TB,1.0,
2026-08,IV. CĐBR,PMY,Số OLT VHKT,33.0,
2026-08,IV. CĐBR,PMY,Tổng dịch vụ CĐBR,18350.0,
2026-08,IV. CĐBR,PMY,Tổng dịch vụ CĐBR - Dịch vụ khác,143.0,
2026-08,IV. CĐBR,PMY,Tổng dịch vụ CĐBR - FTTH,15066.0,
2026-08,IV. CĐBR,PMY,Tổng dịch vụ CĐBR - THC,142.0,
2026-08,IV. CĐBR,PMY,Tổng dịch vụ CĐBR - THS,2999.0,
2026-08,IV. CĐBR,PMY,Đường dây thuê bao quản lý( Đã quy đổi) - Kênh truyền,88.0,
2026-08,IV. CĐBR,PMY,Đường dây thuê bao quản lý( Đã quy đổi) - Thuê bao AON,237.0,
2026-08,IV. CĐBR,PMY,Đường dây thuê bao quản lý( Đã quy đổi) - Thuê bao GPON,14829.0,
2026-08,IV. CĐBR,PMY,Đường dây thuê bao quản lý( Đã quy đổi) - Thuê bao dự án Tòa Nhà,241.89999999999998,
2026-08,IV. CĐBR,TDH,GPON - Hiệu suất,0.5828857142857143,
2026-08,IV. CĐBR,TDH,GPON - Số port,105000.0,
2026-08,IV. CĐBR,TDH,GPON - Số tủ cáp,5440.0,
2026-08,IV. CĐBR,TDH,GPON - Tủ 16,1842.0,
2026-08,IV. CĐBR,TDH,GPON - Tủ 32,1188.0,
2026-08,IV. CĐBR,TDH,GPON - Tủ 4,16.0,
2026-08,IV. CĐBR,TDH,GPON - Tủ 8,2394.0,
2026-08,IV. CĐBR,TDH,GPON - đã sử dụng,61203.0,
2026-08,IV. CĐBR,TDH,Phân loại trạm theo thuê bao FTTH - 1000-1500TB,11.0,
2026-08,IV. CĐBR,TDH,Phân loại trạm theo thuê bao FTTH - 500-1000TB,28.0,
2026-08,IV. CĐBR,TDH,Phân loại trạm theo thuê bao FTTH - Dưới 500TB,29.0,
2026-08,IV. CĐBR,TDH,Phân loại trạm theo thuê bao FTTH - Trên 1500TB,9.0,
2026-08,IV. CĐBR,TDH,Số OLT VHKT,114.0,
2026-08,IV. CĐBR,TDH,Tổng dịch vụ CĐBR,76070.0,
2026-08,IV. CĐBR,TDH,Tổng dịch vụ CĐBR - Dịch vụ khác,211.0,
2026-08,IV. CĐBR,TDH,Tổng dịch vụ CĐBR - FTTH,60858.0,
2026-08,IV. CĐBR,TDH,Tổng dịch vụ CĐBR - THC,818.0,
2026-08,IV. CĐBR,TDH,Tổng dịch vụ CĐBR - THS,14183.0,
2026-08,IV. CĐBR,TDH,Đường dây thuê bao quản lý( Đã quy đổi) - Kênh truyền,67.0,
2026-08,IV. CĐBR,TDH,Đường dây thuê bao quản lý( Đã quy đổi) - Thuê bao AON,151.0,
2026-08,IV. CĐBR,TDH,Đường dây thuê bao quản lý( Đã quy đổi) - Thuê bao GPON,60707.0,
2026-08,IV. CĐBR,TDH,Đường dây thuê bao quản lý( Đã quy đổi) - Thuê bao dự án Tòa Nhà,4869.4,
2026-08,IV. CĐBR,TGO,GPON - Hiệu suất,0.6227977932211656,
2026-08,IV. CĐBR,TGO,GPON - Số port,131232.0,
2026-08,IV. CĐBR,TGO,GPON - Số tủ cáp,7116.0,
2026-08,IV. CĐBR,TGO,GPON - Tủ 16,3840.0,
2026-08,IV. CĐBR,TGO,GPON - Tủ 32,1562.0,
2026-08,IV. CĐBR,TGO,GPON - Tủ 4,257.0,
2026-08,IV. CĐBR,TGO,GPON - Tủ 8,1457.0,
2026-08,IV. CĐBR,TGO,GPON - đã sử dụng,81731.0,
2026-08,IV. CĐBR,TGO,Phân loại trạm theo thuê bao FTTH - 1000-1500TB,20.0,
2026-08,IV. CĐBR,TGO,Phân loại trạm theo thuê bao FTTH - 500-1000TB,24.0,
2026-08,IV. CĐBR,TGO,Phân loại trạm theo thuê bao FTTH - Dưới 500TB,36.0,
2026-08,IV. CĐBR,TGO,Phân loại trạm theo thuê bao FTTH - Trên 1500TB,12.0,
2026-08,IV. CĐBR,TGO,Số OLT VHKT,128.0,
2026-08,IV. CĐBR,TGO,Tổng dịch vụ CĐBR,98376.0,
2026-08,IV. CĐBR,TGO,Tổng dịch vụ CĐBR - Dịch vụ khác,414.0,
2026-08,IV. CĐBR,TGO,Tổng dịch vụ CĐBR - FTTH,81330.0,
2026-08,IV. CĐBR,TGO,Tổng dịch vụ CĐBR - THC,1599.0,
2026-08,IV. CĐBR,TGO,Tổng dịch vụ CĐBR - THS,15033.0,
2026-08,IV. CĐBR,TGO,Đường dây thuê bao quản lý( Đã quy đổi) - Kênh truyền,196.0,
2026-08,IV. CĐBR,TGO,Đường dây thuê bao quản lý( Đã quy đổi) - Thuê bao AON,218.0,
2026-08,IV. CĐBR,TGO,Đường dây thuê bao quản lý( Đã quy đổi) - Thuê bao GPON,81112.0,
2026-08,IV. CĐBR,TGO,Đường dây thuê bao quản lý( Đã quy đổi) - Thuê bao dự án Tòa Nhà,6359.4,
2026-08,IV. CĐBR,THA,GPON - Hiệu suất,0.5229167802060057,
2026-08,IV. CĐBR,THA,GPON - Số port,73396.0,
2026-08,IV. CĐBR,THA,GPON - Số tủ cáp,5012.0,
2026-08,IV. CĐBR,THA,GPON - Tủ 16,2608.0,
2026-08,IV. CĐBR,THA,GPON - Tủ 32,508.0,
2026-08,IV. CĐBR,THA,GPON - Tủ 4,15.0,
2026-08,IV. CĐBR,THA,GPON - Tủ 8,1881.0,
2026-08,IV. CĐBR,THA,GPON - đã sử dụng,38380.0,
2026-08,IV. CĐBR,THA,Phân loại trạm theo thuê bao FTTH - 1000-1500TB,4.0,
2026-08,IV. CĐBR,THA,Phân loại trạm theo thuê bao FTTH - 500-1000TB,21.0,
2026-08,IV. CĐBR,THA,Phân loại trạm theo thuê bao FTTH - Dưới 500TB,46.0,
2026-08,IV. CĐBR,THA,Phân loại trạm theo thuê bao FTTH - Trên 1500TB,3.0,
2026-08,IV. CĐBR,THA,Số OLT VHKT,92.0,
2026-08,IV. CĐBR,THA,Tổng dịch vụ CĐBR,46443.0,
2026-08,IV. CĐBR,THA,Tổng dịch vụ CĐBR - Dịch vụ khác,106.0,
2026-08,IV. CĐBR,THA,Tổng dịch vụ CĐBR - FTTH,38635.0,
2026-08,IV. CĐBR,THA,Tổng dịch vụ CĐBR - THC,492.0,
2026-08,IV. CĐBR,THA,Tổng dịch vụ CĐBR - THS,7210.0,
2026-08,IV. CĐBR,THA,Đường dây thuê bao quản lý( Đã quy đổi) - Kênh truyền,70.0,
2026-08,IV. CĐBR,THA,Đường dây thuê bao quản lý( Đã quy đổi) - Thuê bao AON,243.0,
2026-08,IV. CĐBR,THA,Đường dây thuê bao quản lý( Đã quy đổi) - Thuê bao GPON,38392.0,
2026-08,IV. CĐBR,THA,Đường dây thuê bao quản lý( Đã quy đổi) - Thuê bao dự án Tòa Nhà,2810.8,
2026-08,IV. CĐBR,TTG,GPON - Hiệu suất,0.580021999175031,
2026-08,IV. CĐBR,TTG,GPON - Số port,58184.0,
2026-08,IV. CĐBR,TTG,GPON - Số tủ cáp,3893.0,
2026-08,IV. CĐBR,TTG,GPON - Tủ 16,2031.0,
2026-08,IV. CĐBR,TTG,GPON - Tủ 32,429.0,
2026-08,IV. CĐBR,TTG,GPON - Tủ 4,0.0,
2026-08,IV. CĐBR,TTG,GPON - Tủ 8,1433.0,
2026-08,IV. CĐBR,TTG,GPON - đã sử dụng,33748.0,
2026-08,IV. CĐBR,TTG,Phân loại trạm theo thuê bao FTTH - 1000-1500TB,11.0,
2026-08,IV. CĐBR,TTG,Phân loại trạm theo thuê bao FTTH - 500-1000TB,16.0,
2026-08,IV. CĐBR,TTG,Phân loại trạm theo thuê bao FTTH - Dưới 500TB,23.0,
2026-08,IV. CĐBR,TTG,Phân loại trạm theo thuê bao FTTH - Trên 1500TB,1.0,
2026-08,IV. CĐBR,TTG,Số OLT VHKT,72.0,
2026-08,IV. CĐBR,TTG,Tổng dịch vụ CĐBR,50250.0,
2026-08,IV. CĐBR,TTG,Tổng dịch vụ CĐBR - Dịch vụ khác,388.0,
2026-08,IV. CĐBR,TTG,Tổng dịch vụ CĐBR - FTTH,36687.0,
2026-08,IV. CĐBR,TTG,Tổng dịch vụ CĐBR - THC,950.0,
2026-08,IV. CĐBR,TTG,Tổng dịch vụ CĐBR - THS,12225.0,
2026-08,IV. CĐBR,TTG,Đường dây thuê bao quản lý( Đã quy đổi) - Kênh truyền,146.0,
2026-08,IV. CĐBR,TTG,Đường dây thuê bao quản lý( Đã quy đổi) - Thuê bao AON,225.0,
2026-08,IV. CĐBR,TTG,Đường dây thuê bao quản lý( Đã quy đổi) - Thuê bao GPON,36462.0,
2026-08,IV. CĐBR,TTG,Đường dây thuê bao quản lý( Đã quy đổi) - Thuê bao dự án Tòa Nhà,1634.1,
2026-08,IV. CĐBR,TUN,GPON - Hiệu suất,0.5430497453619498,
2026-08,IV. CĐBR,TUN,GPON - Số port,87968.0,
2026-08,IV. CĐBR,TUN,GPON - Số tủ cáp,5926.0,
2026-08,IV. CĐBR,TUN,GPON - Tủ 16,3209.0,
2026-08,IV. CĐBR,TUN,GPON - Tủ 32,640.0,
2026-08,IV. CĐBR,TUN,GPON - Tủ 4,124.0,
2026-08,IV. CĐBR,TUN,GPON - Tủ 8,1953.0,
2026-08,IV. CĐBR,TUN,GPON - đã sử dụng,47771.0,
2026-08,IV. CĐBR,TUN,Phân loại trạm theo thuê bao FTTH - 1000-1500TB,8.0,
2026-08,IV. CĐBR,TUN,Phân loại trạm theo thuê bao FTTH - 500-1000TB,32.0,
2026-08,IV. CĐBR,TUN,Phân loại trạm theo thuê bao FTTH - Dưới 500TB,53.0,
2026-08,IV. CĐBR,TUN,Phân loại trạm theo thuê bao FTTH - Trên 1500TB,0.0,
2026-08,IV. CĐBR,TUN,Số OLT VHKT,134.0,
2026-08,IV. CĐBR,TUN,Tổng dịch vụ CĐBR,57317.0,
2026-08,IV. CĐBR,TUN,Tổng dịch vụ CĐBR - Dịch vụ khác,309.0,
2026-08,IV. CĐBR,TUN,Tổng dịch vụ CĐBR - FTTH,47832.0,
2026-08,IV. CĐBR,TUN,Tổng dịch vụ CĐBR - THC,276.0,
2026-08,IV. CĐBR,TUN,Tổng dịch vụ CĐBR - THS,8900.0,
2026-08,IV. CĐBR,TUN,Đường dây thuê bao quản lý( Đã quy đổi) - Kênh truyền,66.0,
2026-08,IV. CĐBR,TUN,Đường dây thuê bao quản lý( Đã quy đổi) - Thuê bao AON,163.0,
2026-08,IV. CĐBR,TUN,Đường dây thuê bao quản lý( Đã quy đổi) - Thuê bao GPON,47669.0,
2026-08,IV. CĐBR,TUN,Đường dây thuê bao quản lý( Đã quy đổi) - Thuê bao dự án Tòa Nhà,1825.6,
2026-08,IV. CĐBR,Tổng,GPON - Hiệu suất,0.5702276897113562,
2026-08,IV. CĐBR,Tổng,GPON - Số port,720542.0,
2026-08,IV. CĐBR,Tổng,GPON - Số tủ cáp,48005.0,
2026-08,IV. CĐBR,Tổng,GPON - Tủ 16,19096.0,
2026-08,IV. CĐBR,Tổng,GPON - Tủ 32,6504.0,
2026-08,IV. CĐBR,Tổng,GPON - Tủ 4,1123.0,
2026-08,IV. CĐBR,Tổng,GPON - Tủ 8,21282.0,
2026-08,IV. CĐBR,Tổng,GPON - đã sử dụng,410873.0,
2026-08,IV. CĐBR,Tổng,Phân loại trạm theo thuê bao FTTH - 1000-1500TB,84.0,
2026-08,IV. CĐBR,Tổng,Phân loại trạm theo thuê bao FTTH - 500-1000TB,201.0,
2026-08,IV. CĐBR,Tổng,Phân loại trạm theo thuê bao FTTH - Dưới 500TB,343.0,
2026-08,IV. CĐBR,Tổng,Phân loại trạm theo thuê bao FTTH - Trên 1500TB,35.0,
2026-08,IV. CĐBR,Tổng,Số OLT VHKT,903.0,
2026-08,IV. CĐBR,Tổng,Tổng dịch vụ CĐBR,521766.0,
2026-08,IV. CĐBR,Tổng,Tổng dịch vụ CĐBR - Dịch vụ khác,2203.0,
2026-08,IV. CĐBR,Tổng,Tổng dịch vụ CĐBR - FTTH,420866.0,
2026-08,IV. CĐBR,Tổng,Tổng dịch vụ CĐBR - THC,6647.0,
2026-08,IV. CĐBR,Tổng,Tổng dịch vụ CĐBR - THS,92050.0,
2026-08,IV. CĐBR,Tổng,Đường dây thuê bao quản lý( Đã quy đổi) - Kênh truyền,1098.0,
2026-08,IV. CĐBR,Tổng,Đường dây thuê bao quản lý( Đã quy đổi) - Thuê bao AON,1957.0,
2026-08,IV. CĐBR,Tổng,Đường dây thuê bao quản lý( Đã quy đổi) - Thuê bao GPON,418909.0,
2026-08,IV. CĐBR,Tổng,Đường dây thuê bao quản lý( Đã quy đổi) - Thuê bao dự án Tòa Nhà,20074.199999999997,
2026-08,IV. Tủ Nguồn,BRA,"0,5h-1h",5.0,
2026-08,IV. Tủ Nguồn,BRA,0.5,22.0,
2026-08,IV. Tủ Nguồn,BRA,1h-2h,31.0,
2026-08,IV. Tủ Nguồn,BRA,2G - Mobifone,76.0,
2026-08,IV. Tủ Nguồn,BRA,2G - Viettel,61.0,
2026-08,IV. Tủ Nguồn,BRA,2G - VinaPhone,47.0,
2026-08,IV. Tủ Nguồn,BRA,3G - Mobifone,119.0,
2026-08,IV. Tủ Nguồn,BRA,3G - Viettel,4.0,
2026-08,IV. Tủ Nguồn,BRA,3G - VinaPhone,144.0,
2026-08,IV. Tủ Nguồn,BRA,4G - Mobifone,133.0,
2026-08,IV. Tủ Nguồn,BRA,4G - Viettel,168.0,
2026-08,IV. Tủ Nguồn,BRA,4G - VinaPhone,145.0,
2026-08,IV. Tủ Nguồn,BRA,5G - Mobifone,0.0,
2026-08,IV. Tủ Nguồn,BRA,5G - Viettel,82.0,
2026-08,IV. Tủ Nguồn,BRA,5G - VinaPhone,0.0,
2026-08,IV. Tủ Nguồn,BRA,>2,83.0,
2026-08,IV. Tủ Nguồn,BRA,ACBEL,0.0,
2026-08,IV. Tủ Nguồn,BRA,Agisson,49.0,
2026-08,IV. Tủ Nguồn,BRA,Delta,22.0,
2026-08,IV. Tủ Nguồn,BRA,Eltek,25.0,
2026-08,IV. Tủ Nguồn,BRA,Emerson,6.0,
2026-08,IV. Tủ Nguồn,BRA,Emerson/Vertiv,0.0,
2026-08,IV. Tủ Nguồn,BRA,Huawei,21.0,
2026-08,IV. Tủ Nguồn,BRA,Trạm BTS tính lương,172.0,
2026-08,IV. Tủ Nguồn,BRA,Tổng số tủ DC,155.0,
2026-08,IV. Tủ Nguồn,BRA,Tổng số vị trí - Mobifone,133.0,
2026-08,IV. Tủ Nguồn,BRA,Tổng số vị trí - Viettel,172.0,
2026-08,IV. Tủ Nguồn,BRA,Tổng số vị trí - VinaPhone,147.0,
2026-08,IV. Tủ Nguồn,BRA,ZTE,32.0,
2026-08,IV. Tủ Nguồn,CDO,"0,5h-1h",11.0,
2026-08,IV. Tủ Nguồn,CDO,0.5,25.0,
2026-08,IV. Tủ Nguồn,CDO,1h-2h,34.0,
2026-08,IV. Tủ Nguồn,CDO,2G - Mobifone,9.0,
2026-08,IV. Tủ Nguồn,CDO,2G - Viettel,12.0,
2026-08,IV. Tủ Nguồn,CDO,2G - VinaPhone,12.0,
2026-08,IV. Tủ Nguồn,CDO,3G - Mobifone,12.0,
2026-08,IV. Tủ Nguồn,CDO,3G - Viettel,0.0,
2026-08,IV. Tủ Nguồn,CDO,3G - VinaPhone,24.0,
2026-08,IV. Tủ Nguồn,CDO,4G - Mobifone,12.0,
2026-08,IV. Tủ Nguồn,CDO,4G - Viettel,39.0,
2026-08,IV. Tủ Nguồn,CDO,4G - VinaPhone,21.0,
2026-08,IV. Tủ Nguồn,CDO,5G - Mobifone,0.0,
2026-08,IV. Tủ Nguồn,CDO,5G - Viettel,10.0,
2026-08,IV. Tủ Nguồn,CDO,5G - VinaPhone,0.0,
2026-08,IV. Tủ Nguồn,CDO,>2,61.0,
2026-08,IV. Tủ Nguồn,CDO,ACBEL,0.0,
2026-08,IV. Tủ Nguồn,CDO,Agisson,38.0,
2026-08,IV. Tủ Nguồn,CDO,Delta,39.0,
2026-08,IV. Tủ Nguồn,CDO,Eltek,17.0,
2026-08,IV. Tủ Nguồn,CDO,Emerson,5.0,
2026-08,IV. Tủ Nguồn,CDO,Emerson/Vertiv,0.0,
2026-08,IV. Tủ Nguồn,CDO,Huawei,14.0,
2026-08,IV. Tủ Nguồn,CDO,Trạm BTS tính lương,40.0,
2026-08,IV. Tủ Nguồn,CDO,Tổng số tủ DC,153.0,
2026-08,IV. Tủ Nguồn,CDO,Tổng số vị trí - Mobifone,12.0,
2026-08,IV. Tủ Nguồn,CDO,Tổng số vị trí - Viettel,40.0,
2026-08,IV. Tủ Nguồn,CDO,Tổng số vị trí - VinaPhone,24.0,
2026-08,IV. Tủ Nguồn,CDO,ZTE,40.0,
2026-08,IV. Tủ Nguồn,CHP,"0,5h-1h",33.0,
2026-08,IV. Tủ Nguồn,CHP,0.5,96.0,
2026-08,IV. Tủ Nguồn,CHP,1h-2h,71.0,
2026-08,IV. Tủ Nguồn,CHP,2G - Mobifone,80.0,
2026-08,IV. Tủ Nguồn,CHP,2G - Viettel,109.0,
2026-08,IV. Tủ Nguồn,CHP,2G - VinaPhone,84.0,
2026-08,IV. Tủ Nguồn,CHP,3G - Mobifone,143.0,
2026-08,IV. Tủ Nguồn,CHP,3G - Viettel,29.0,
2026-08,IV. Tủ Nguồn,CHP,3G - VinaPhone,185.0,
2026-08,IV. Tủ Nguồn,CHP,4G - Mobifone,161.0,
2026-08,IV. Tủ Nguồn,CHP,4G - Viettel,319.0,
2026-08,IV. Tủ Nguồn,CHP,4G - VinaPhone,187.0,
2026-08,IV. Tủ Nguồn,CHP,5G - Mobifone,0.0,
2026-08,IV. Tủ Nguồn,CHP,5G - Viettel,142.0,
2026-08,IV. Tủ Nguồn,CHP,5G - VinaPhone,0.0,
2026-08,IV. Tủ Nguồn,CHP,>2,150.0,
2026-08,IV. Tủ Nguồn,CHP,ACBEL,0.0,
2026-08,IV. Tủ Nguồn,CHP,Agisson,93.0,
2026-08,IV. Tủ Nguồn,CHP,Delta,63.0,
2026-08,IV. Tủ Nguồn,CHP,Eltek,34.0,
2026-08,IV. Tủ Nguồn,CHP,Emerson,26.0,
2026-08,IV. Tủ Nguồn,CHP,Emerson/Vertiv,2.0,
2026-08,IV. Tủ Nguồn,CHP,Huawei,21.0,
2026-08,IV. Tủ Nguồn,CHP,Trạm BTS tính lương,328.0,
2026-08,IV. Tủ Nguồn,CHP,Tổng số tủ DC,363.0,
2026-08,IV. Tủ Nguồn,CHP,Tổng số vị trí - Mobifone,161.0,
2026-08,IV. Tủ Nguồn,CHP,Tổng số vị trí - Viettel,328.0,
2026-08,IV. Tủ Nguồn,CHP,Tổng số vị trí - VinaPhone,190.0,
2026-08,IV. Tủ Nguồn,CHP,ZTE,124.0,
2026-08,IV. Tủ Nguồn,DTG,"0,5h-1h",7.0,
2026-08,IV. Tủ Nguồn,DTG,0.5,16.0,
2026-08,IV. Tủ Nguồn,DTG,1h-2h,25.0,
2026-08,IV. Tủ Nguồn,DTG,2G - Mobifone,50.0,
2026-08,IV. Tủ Nguồn,DTG,2G - Viettel,61.0,
2026-08,IV. Tủ Nguồn,DTG,2G - VinaPhone,53.0,
2026-08,IV. Tủ Nguồn,DTG,3G - Mobifone,74.0,
2026-08,IV. Tủ Nguồn,DTG,3G - Viettel,7.0,
2026-08,IV. Tủ Nguồn,DTG,3G - VinaPhone,61.0,
2026-08,IV. Tủ Nguồn,DTG,4G - Mobifone,83.0,
2026-08,IV. Tủ Nguồn,DTG,4G - Viettel,145.0,
2026-08,IV. Tủ Nguồn,DTG,4G - VinaPhone,81.0,
2026-08,IV. Tủ Nguồn,DTG,5G - Mobifone,0.0,
2026-08,IV. Tủ Nguồn,DTG,5G - Viettel,36.0,
2026-08,IV. Tủ Nguồn,DTG,5G - VinaPhone,0.0,
2026-08,IV. Tủ Nguồn,DTG,>2,56.0,
2026-08,IV. Tủ Nguồn,DTG,ACBEL,0.0,
2026-08,IV. Tủ Nguồn,DTG,Agisson,48.0,
2026-08,IV. Tủ Nguồn,DTG,Delta,9.0,
2026-08,IV. Tủ Nguồn,DTG,Eltek,14.0,
2026-08,IV. Tủ Nguồn,DTG,Emerson,2.0,
2026-08,IV. Tủ Nguồn,DTG,Emerson/Vertiv,4.0,
2026-08,IV. Tủ Nguồn,DTG,Huawei,8.0,
2026-08,IV. Tủ Nguồn,DTG,Trạm BTS tính lương,146.0,
2026-08,IV. Tủ Nguồn,DTG,Tổng số tủ DC,106.0,
2026-08,IV. Tủ Nguồn,DTG,Tổng số vị trí - Mobifone,83.0,
2026-08,IV. Tủ Nguồn,DTG,Tổng số vị trí - Viettel,146.0,
2026-08,IV. Tủ Nguồn,DTG,Tổng số vị trí - VinaPhone,83.0,
2026-08,IV. Tủ Nguồn,DTG,ZTE,21.0,
2026-08,IV. Tủ Nguồn,HTM,"0,5h-1h",10.0,
2026-08,IV. Tủ Nguồn,HTM,0.5,25.0,
2026-08,IV. Tủ Nguồn,HTM,1h-2h,30.0,
2026-08,IV. Tủ Nguồn,HTM,2G - Mobifone,114.0,
2026-08,IV. Tủ Nguồn,HTM,2G - Viettel,71.0,
2026-08,IV. Tủ Nguồn,HTM,2G - VinaPhone,57.0,
2026-08,IV. Tủ Nguồn,HTM,3G - Mobifone,144.0,
2026-08,IV. Tủ Nguồn,HTM,3G - Viettel,2.0,
2026-08,IV. Tủ Nguồn,HTM,3G - VinaPhone,132.0,
2026-08,IV. Tủ Nguồn,HTM,4G - Mobifone,150.0,
2026-08,IV. Tủ Nguồn,HTM,4G - Viettel,174.0,
2026-08,IV. Tủ Nguồn,HTM,4G - VinaPhone,148.0,
2026-08,IV. Tủ Nguồn,HTM,5G - Mobifone,0.0,
2026-08,IV. Tủ Nguồn,HTM,5G - Viettel,66.0,
2026-08,IV. Tủ Nguồn,HTM,5G - VinaPhone,0.0,
2026-08,IV. Tủ Nguồn,HTM,>2,91.0,
2026-08,IV. Tủ Nguồn,HTM,ACBEL,0.0,
2026-08,IV. Tủ Nguồn,HTM,Agisson,63.0,
2026-08,IV. Tủ Nguồn,HTM,Delta,37.0,
2026-08,IV. Tủ Nguồn,HTM,Eltek,18.0,
2026-08,IV. Tủ Nguồn,HTM,Emerson,5.0,
2026-08,IV. Tủ Nguồn,HTM,Emerson/Vertiv,1.0,
2026-08,IV. Tủ Nguồn,HTM,Huawei,11.0,
2026-08,IV. Tủ Nguồn,HTM,Trạm BTS tính lương,176.0,
2026-08,IV. Tủ Nguồn,HTM,Tổng số tủ DC,173.0,
2026-08,IV. Tủ Nguồn,HTM,Tổng số vị trí - Mobifone,150.0,
2026-08,IV. Tủ Nguồn,HTM,Tổng số vị trí - Viettel,176.0,
2026-08,IV. Tủ Nguồn,HTM,Tổng số vị trí - VinaPhone,152.0,
2026-08,IV. Tủ Nguồn,HTM,ZTE,38.0,
2026-08,IV. Tủ Nguồn,NGO,"0,5h-1h",1.0,
2026-08,IV. Tủ Nguồn,NGO,0.5,5.0,
2026-08,IV. Tủ Nguồn,NGO,1h-2h,2.0,
2026-08,IV. Tủ Nguồn,NGO,2G - Mobifone,75.0,
2026-08,IV. Tủ Nguồn,NGO,2G - Viettel,41.0,
2026-08,IV. Tủ Nguồn,NGO,2G - VinaPhone,33.0,
2026-08,IV. Tủ Nguồn,NGO,3G - Mobifone,100.0,
2026-08,IV. Tủ Nguồn,NGO,3G - Viettel,3.0,
2026-08,IV. Tủ Nguồn,NGO,3G - VinaPhone,76.0,
2026-08,IV. Tủ Nguồn,NGO,4G - Mobifone,102.0,
2026-08,IV. Tủ Nguồn,NGO,4G - Viettel,119.0,
2026-08,IV. Tủ Nguồn,NGO,4G - VinaPhone,86.0,
2026-08,IV. Tủ Nguồn,NGO,5G - Mobifone,0.0,
2026-08,IV. Tủ Nguồn,NGO,5G - Viettel,40.0,
2026-08,IV. Tủ Nguồn,NGO,5G - VinaPhone,0.0,
2026-08,IV. Tủ Nguồn,NGO,>2,37.0,
2026-08,IV. Tủ Nguồn,NGO,ACBEL,0.0,
2026-08,IV. Tủ Nguồn,NGO,Agisson,10.0,
2026-08,IV. Tủ Nguồn,NGO,Delta,14.0,
2026-08,IV. Tủ Nguồn,NGO,Eltek,6.0,
2026-08,IV. Tủ Nguồn,NGO,Emerson,5.0,
2026-08,IV. Tủ Nguồn,NGO,Emerson/Vertiv,0.0,
2026-08,IV. Tủ Nguồn,NGO,Huawei,2.0,
2026-08,IV. Tủ Nguồn,NGO,Trạm BTS tính lương,121.0,
2026-08,IV. Tủ Nguồn,NGO,Tổng số tủ DC,56.0,
2026-08,IV. Tủ Nguồn,NGO,Tổng số vị trí - Mobifone,102.0,
2026-08,IV. Tủ Nguồn,NGO,Tổng số vị trí - Viettel,121.0,
2026-08,IV. Tủ Nguồn,NGO,Tổng số vị trí - VinaPhone,87.0,
2026-08,IV. Tủ Nguồn,NGO,ZTE,19.0,
2026-08,IV. Tủ Nguồn,PGO,"0,5h-1h",13.0,
2026-08,IV. Tủ Nguồn,PGO,0.5,20.0,
2026-08,IV. Tủ Nguồn,PGO,1h-2h,31.0,
2026-08,IV. Tủ Nguồn,PGO,2G - Mobifone,39.0,
2026-08,IV. Tủ Nguồn,PGO,2G - Viettel,53.0,
2026-08,IV. Tủ Nguồn,PGO,2G - VinaPhone,37.0,
2026-08,IV. Tủ Nguồn,PGO,3G - Mobifone,49.0,
2026-08,IV. Tủ Nguồn,PGO,3G - Viettel,1.0,
2026-08,IV. Tủ Nguồn,PGO,3G - VinaPhone,54.0,
2026-08,IV. Tủ Nguồn,PGO,4G - Mobifone,58.0,
2026-08,IV. Tủ Nguồn,PGO,4G - Viettel,117.0,
2026-08,IV. Tủ Nguồn,PGO,4G - VinaPhone,78.0,
2026-08,IV. Tủ Nguồn,PGO,5G - Mobifone,0.0,
2026-08,IV. Tủ Nguồn,PGO,5G - Viettel,33.0,
2026-08,IV. Tủ Nguồn,PGO,5G - VinaPhone,0.0,
2026-08,IV. Tủ Nguồn,PGO,>2,41.0,
2026-08,IV. Tủ Nguồn,PGO,ACBEL,0.0,
2026-08,IV. Tủ Nguồn,PGO,Agisson,49.0,
2026-08,IV. Tủ Nguồn,PGO,Delta,4.0,
2026-08,IV. Tủ Nguồn,PGO,Eltek,13.0,
2026-08,IV. Tủ Nguồn,PGO,Emerson,7.0,
2026-08,IV. Tủ Nguồn,PGO,Emerson/Vertiv,1.0,
2026-08,IV. Tủ Nguồn,PGO,Huawei,5.0,
2026-08,IV. Tủ Nguồn,PGO,Trạm BTS tính lương,117.0,
2026-08,IV. Tủ Nguồn,PGO,Tổng số tủ DC,101.0,
2026-08,IV. Tủ Nguồn,PGO,Tổng số vị trí - Mobifone,58.0,
2026-08,IV. Tủ Nguồn,PGO,Tổng số vị trí - Viettel,117.0,
2026-08,IV. Tủ Nguồn,PGO,Tổng số vị trí - VinaPhone,81.0,
2026-08,IV. Tủ Nguồn,PGO,ZTE,22.0,
2026-08,IV. Tủ Nguồn,PMY,"0,5h-1h",1.0,
2026-08,IV. Tủ Nguồn,PMY,0.5,10.0,
2026-08,IV. Tủ Nguồn,PMY,1h-2h,11.0,
2026-08,IV. Tủ Nguồn,PMY,2G - Mobifone,70.0,
2026-08,IV. Tủ Nguồn,PMY,2G - Viettel,45.0,
2026-08,IV. Tủ Nguồn,PMY,2G - VinaPhone,40.0,
2026-08,IV. Tủ Nguồn,PMY,3G - Mobifone,113.0,
2026-08,IV. Tủ Nguồn,PMY,3G - Viettel,1.0,
2026-08,IV. Tủ Nguồn,PMY,3G - VinaPhone,118.0,
2026-08,IV. Tủ Nguồn,PMY,4G - Mobifone,125.0,
2026-08,IV. Tủ Nguồn,PMY,4G - Viettel,182.0,
2026-08,IV. Tủ Nguồn,PMY,4G - VinaPhone,123.0,
2026-08,IV. Tủ Nguồn,PMY,5G - Mobifone,0.0,
2026-08,IV. Tủ Nguồn,PMY,5G - Viettel,65.0,
2026-08,IV. Tủ Nguồn,PMY,5G - VinaPhone,0.0,
2026-08,IV. Tủ Nguồn,PMY,>2,77.0,
2026-08,IV. Tủ Nguồn,PMY,ACBEL,0.0,
2026-08,IV. Tủ Nguồn,PMY,Agisson,38.0,
2026-08,IV. Tủ Nguồn,PMY,Delta,18.0,
2026-08,IV. Tủ Nguồn,PMY,Eltek,20.0,
2026-08,IV. Tủ Nguồn,PMY,Emerson,6.0,
2026-08,IV. Tủ Nguồn,PMY,Emerson/Vertiv,1.0,
2026-08,IV. Tủ Nguồn,PMY,Huawei,8.0,
2026-08,IV. Tủ Nguồn,PMY,Trạm BTS tính lương,186.0,
2026-08,IV. Tủ Nguồn,PMY,Tổng số tủ DC,123.0,
2026-08,IV. Tủ Nguồn,PMY,Tổng số vị trí - Mobifone,125.0,
2026-08,IV. Tủ Nguồn,PMY,Tổng số vị trí - Viettel,186.0,
2026-08,IV. Tủ Nguồn,PMY,Tổng số vị trí - VinaPhone,125.0,
2026-08,IV. Tủ Nguồn,PMY,ZTE,32.0,
2026-08,IV. Tủ Nguồn,TDH,"0,5h-1h",25.0,
2026-08,IV. Tủ Nguồn,TDH,0.5,113.0,
2026-08,IV. Tủ Nguồn,TDH,1h-2h,47.0,
2026-08,IV. Tủ Nguồn,TDH,2G - Mobifone,73.0,
2026-08,IV. Tủ Nguồn,TDH,2G - Viettel,116.0,
2026-08,IV. Tủ Nguồn,TDH,2G - VinaPhone,52.0,
2026-08,IV. Tủ Nguồn,TDH,3G - Mobifone,129.0,
2026-08,IV. Tủ Nguồn,TDH,3G - Viettel,15.0,
2026-08,IV. Tủ Nguồn,TDH,3G - VinaPhone,131.0,
2026-08,IV. Tủ Nguồn,TDH,4G - Mobifone,157.0,
2026-08,IV. Tủ Nguồn,TDH,4G - Viettel,265.0,
2026-08,IV. Tủ Nguồn,TDH,4G - VinaPhone,133.0,
2026-08,IV. Tủ Nguồn,TDH,5G - Mobifone,0.0,
2026-08,IV. Tủ Nguồn,TDH,5G - Viettel,115.0,
2026-08,IV. Tủ Nguồn,TDH,5G - VinaPhone,0.0,
2026-08,IV. Tủ Nguồn,TDH,>2,127.0,
2026-08,IV. Tủ Nguồn,TDH,ACBEL,0.0,
2026-08,IV. Tủ Nguồn,TDH,Agisson,91.0,
2026-08,IV. Tủ Nguồn,TDH,Delta,50.0,
2026-08,IV. Tủ Nguồn,TDH,Eltek,27.0,
2026-08,IV. Tủ Nguồn,TDH,Emerson,31.0,
2026-08,IV. Tủ Nguồn,TDH,Emerson/Vertiv,3.0,
2026-08,IV. Tủ Nguồn,TDH,Huawei,11.0,
2026-08,IV. Tủ Nguồn,TDH,Trạm BTS tính lương,280.0,
2026-08,IV. Tủ Nguồn,TDH,Tổng số tủ DC,343.0,
2026-08,IV. Tủ Nguồn,TDH,Tổng số vị trí - Mobifone,161.0,
2026-08,IV. Tủ Nguồn,TDH,Tổng số vị trí - Viettel,280.0,
2026-08,IV. Tủ Nguồn,TDH,Tổng số vị trí - VinaPhone,140.0,
2026-08,IV. Tủ Nguồn,TDH,ZTE,130.0,
2026-08,IV. Tủ Nguồn,TGO,"0,5h-1h",25.0,
2026-08,IV. Tủ Nguồn,TGO,0.5,173.0,
2026-08,IV. Tủ Nguồn,TGO,1h-2h,112.0,
2026-08,IV. Tủ Nguồn,TGO,2G - Mobifone,84.0,
2026-08,IV. Tủ Nguồn,TGO,2G - Viettel,150.0,
2026-08,IV. Tủ Nguồn,TGO,2G - VinaPhone,55.0,
2026-08,IV. Tủ Nguồn,TGO,3G - Mobifone,126.0,
2026-08,IV. Tủ Nguồn,TGO,3G - Viettel,6.0,
2026-08,IV. Tủ Nguồn,TGO,3G - VinaPhone,140.0,
2026-08,IV. Tủ Nguồn,TGO,4G - Mobifone,164.0,
2026-08,IV. Tủ Nguồn,TGO,4G - Viettel,428.0,
2026-08,IV. Tủ Nguồn,TGO,4G - VinaPhone,144.0,
2026-08,IV. Tủ Nguồn,TGO,5G - Mobifone,1.0,
2026-08,IV. Tủ Nguồn,TGO,5G - Viettel,175.0,
2026-08,IV. Tủ Nguồn,TGO,5G - VinaPhone,0.0,
2026-08,IV. Tủ Nguồn,TGO,>2,162.0,
2026-08,IV. Tủ Nguồn,TGO,ACBEL,0.0,
2026-08,IV. Tủ Nguồn,TGO,Agisson,105.0,
2026-08,IV. Tủ Nguồn,TGO,Delta,72.0,
2026-08,IV. Tủ Nguồn,TGO,Eltek,55.0,
2026-08,IV. Tủ Nguồn,TGO,Emerson,43.0,
2026-08,IV. Tủ Nguồn,TGO,Emerson/Vertiv,1.0,
2026-08,IV. Tủ Nguồn,TGO,Huawei,17.0,
2026-08,IV. Tủ Nguồn,TGO,Trạm BTS tính lương,437.0,
2026-08,IV. Tủ Nguồn,TGO,Tổng số tủ DC,484.0,
2026-08,IV. Tủ Nguồn,TGO,Tổng số vị trí - Mobifone,166.0,
2026-08,IV. Tủ Nguồn,TGO,Tổng số vị trí - Viettel,437.0,
2026-08,IV. Tủ Nguồn,TGO,Tổng số vị trí - VinaPhone,146.0,
2026-08,IV. Tủ Nguồn,TGO,ZTE,191.0,
2026-08,IV. Tủ Nguồn,THA,"0,5h-1h",49.0,
2026-08,IV. Tủ Nguồn,THA,0.5,131.0,
2026-08,IV. Tủ Nguồn,THA,1h-2h,91.0,
2026-08,IV. Tủ Nguồn,THA,2G - Mobifone,89.0,
2026-08,IV. Tủ Nguồn,THA,2G - Viettel,123.0,
2026-08,IV. Tủ Nguồn,THA,2G - VinaPhone,82.0,
2026-08,IV. Tủ Nguồn,THA,3G - Mobifone,153.0,
2026-08,IV. Tủ Nguồn,THA,3G - Viettel,5.0,
2026-08,IV. Tủ Nguồn,THA,3G - VinaPhone,214.0,
2026-08,IV. Tủ Nguồn,THA,4G - Mobifone,188.0,
2026-08,IV. Tủ Nguồn,THA,4G - Viettel,484.0,
2026-08,IV. Tủ Nguồn,THA,4G - VinaPhone,239.0,
2026-08,IV. Tủ Nguồn,THA,5G - Mobifone,0.0,
2026-08,IV. Tủ Nguồn,THA,5G - Viettel,173.0,
2026-08,IV. Tủ Nguồn,THA,5G - VinaPhone,0.0,
2026-08,IV. Tủ Nguồn,THA,>2,168.0,
2026-08,IV. Tủ Nguồn,THA,ACBEL,0.0,
2026-08,IV. Tủ Nguồn,THA,Agisson,106.0,
2026-08,IV. Tủ Nguồn,THA,Delta,118.0,
2026-08,IV. Tủ Nguồn,THA,Eltek,42.0,
2026-08,IV. Tủ Nguồn,THA,Emerson,44.0,
2026-08,IV. Tủ Nguồn,THA,Emerson/Vertiv,4.0,
2026-08,IV. Tủ Nguồn,THA,Huawei,34.0,
2026-08,IV. Tủ Nguồn,THA,Trạm BTS tính lương,493.0,
2026-08,IV. Tủ Nguồn,THA,Tổng số tủ DC,467.0,
2026-08,IV. Tủ Nguồn,THA,Tổng số vị trí - Mobifone,189.0,
2026-08,IV. Tủ Nguồn,THA,Tổng số vị trí - Viettel,493.0,
2026-08,IV. Tủ Nguồn,THA,Tổng số vị trí - VinaPhone,242.0,
2026-08,IV. Tủ Nguồn,THA,ZTE,119.0,
2026-08,IV. Tủ Nguồn,TTG,"0,5h-1h",21.0,
2026-08,IV. Tủ Nguồn,TTG,0.5,67.0,
2026-08,IV. Tủ Nguồn,TTG,1h-2h,33.0,
2026-08,IV. Tủ Nguồn,TTG,2G - Mobifone,97.0,
2026-08,IV. Tủ Nguồn,TTG,2G - Viettel,96.0,
2026-08,IV. Tủ Nguồn,TTG,2G - VinaPhone,57.0,
2026-08,IV. Tủ Nguồn,TTG,3G - Mobifone,163.0,
2026-08,IV. Tủ Nguồn,TTG,3G - Viettel,27.0,
2026-08,IV. Tủ Nguồn,TTG,3G - VinaPhone,223.0,
2026-08,IV. Tủ Nguồn,TTG,4G - Mobifone,173.0,
2026-08,IV. Tủ Nguồn,TTG,4G - Viettel,321.0,
2026-08,IV. Tủ Nguồn,TTG,4G - VinaPhone,219.0,
2026-08,IV. Tủ Nguồn,TTG,5G - Mobifone,0.0,
2026-08,IV. Tủ Nguồn,TTG,5G - Viettel,105.0,
2026-08,IV. Tủ Nguồn,TTG,5G - VinaPhone,0.0,
2026-08,IV. Tủ Nguồn,TTG,>2,156.0,
2026-08,IV. Tủ Nguồn,TTG,ACBEL,0.0,
2026-08,IV. Tủ Nguồn,TTG,Agisson,93.0,
2026-08,IV. Tủ Nguồn,TTG,Delta,42.0,
2026-08,IV. Tủ Nguồn,TTG,Eltek,32.0,
2026-08,IV. Tủ Nguồn,TTG,Emerson,41.0,
2026-08,IV. Tủ Nguồn,TTG,Emerson/Vertiv,11.0,
2026-08,IV. Tủ Nguồn,TTG,Huawei,24.0,
2026-08,IV. Tủ Nguồn,TTG,Trạm BTS tính lương,331.0,
2026-08,IV. Tủ Nguồn,TTG,Tổng số tủ DC,339.0,
2026-08,IV. Tủ Nguồn,TTG,Tổng số vị trí - Mobifone,174.0,
2026-08,IV. Tủ Nguồn,TTG,Tổng số vị trí - Viettel,331.0,
2026-08,IV. Tủ Nguồn,TTG,Tổng số vị trí - VinaPhone,231.0,
2026-08,IV. Tủ Nguồn,TTG,ZTE,96.0,
2026-08,IV. Tủ Nguồn,TUN,"0,5h-1h",67.0,
2026-08,IV. Tủ Nguồn,TUN,0.5,155.0,
2026-08,IV. Tủ Nguồn,TUN,1h-2h,137.0,
2026-08,IV. Tủ Nguồn,TUN,2G - Mobifone,83.0,
2026-08,IV. Tủ Nguồn,TUN,2G - Viettel,121.0,
2026-08,IV. Tủ Nguồn,TUN,2G - VinaPhone,54.0,
2026-08,IV. Tủ Nguồn,TUN,3G - Mobifone,149.0,
2026-08,IV. Tủ Nguồn,TUN,3G - Viettel,3.0,
2026-08,IV. Tủ Nguồn,TUN,3G - VinaPhone,180.0,
2026-08,IV. Tủ Nguồn,TUN,4G - Mobifone,180.0,
2026-08,IV. Tủ Nguồn,TUN,4G - Viettel,464.0,
2026-08,IV. Tủ Nguồn,TUN,4G - VinaPhone,201.0,
2026-08,IV. Tủ Nguồn,TUN,5G - Mobifone,0.0,
2026-08,IV. Tủ Nguồn,TUN,5G - Viettel,171.0,
2026-08,IV. Tủ Nguồn,TUN,5G - VinaPhone,0.0,
2026-08,IV. Tủ Nguồn,TUN,>2,90.0,
2026-08,IV. Tủ Nguồn,TUN,ACBEL,0.0,
2026-08,IV. Tủ Nguồn,TUN,Agisson,97.0,
2026-08,IV. Tủ Nguồn,TUN,Delta,109.0,
2026-08,IV. Tủ Nguồn,TUN,Eltek,43.0,
2026-08,IV. Tủ Nguồn,TUN,Emerson,42.0,
2026-08,IV. Tủ Nguồn,TUN,Emerson/Vertiv,3.0,
2026-08,IV. Tủ Nguồn,TUN,Huawei,35.0,
2026-08,IV. Tủ Nguồn,TUN,Trạm BTS tính lương,474.0,
2026-08,IV. Tủ Nguồn,TUN,Tổng số tủ DC,475.0,
2026-08,IV. Tủ Nguồn,TUN,Tổng số vị trí - Mobifone,185.0,
2026-08,IV. Tủ Nguồn,TUN,Tổng số vị trí - Viettel,474.0,
2026-08,IV. Tủ Nguồn,TUN,Tổng số vị trí - VinaPhone,203.0,
2026-08,IV. Tủ Nguồn,TUN,ZTE,146.0,
2026-08,IV. Tủ Nguồn,Tổng,2G - Mobifone,939.0,
2026-08,IV. Tủ Nguồn,Tổng,2G - Viettel,1059.0,
2026-08,IV. Tủ Nguồn,Tổng,2G - VinaPhone,663.0,
2026-08,IV. Tủ Nguồn,Tổng,3G - Mobifone,1474.0,
2026-08,IV. Tủ Nguồn,Tổng,3G - Viettel,103.0,
2026-08,IV. Tủ Nguồn,Tổng,3G - VinaPhone,1682.0,
2026-08,IV. Tủ Nguồn,Tổng,4G - Mobifone,1686.0,
2026-08,IV. Tủ Nguồn,Tổng,4G - Viettel,3225.0,
2026-08,IV. Tủ Nguồn,Tổng,4G - VinaPhone,1805.0,
2026-08,IV. Tủ Nguồn,Tổng,5G - Mobifone,1.0,
2026-08,IV. Tủ Nguồn,Tổng,5G - Viettel,1213.0,
2026-08,IV. Tủ Nguồn,Tổng,5G - VinaPhone,0.0,
2026-08,IV. Tủ Nguồn,Tổng,Tổng số vị trí - Mobifone,1699.0,
2026-08,IV. Tủ Nguồn,Tổng,Tổng số vị trí - Viettel,3301.0,
2026-08,IV. Tủ Nguồn,Tổng,Tổng số vị trí - VinaPhone,1851.0,
2026-08,V. CƠ ĐIỆN — 1. Số lượng máy PĐ,BRA,ATS - Hỏng,0.0,
2026-08,V. CƠ ĐIỆN — 1. Số lượng máy PĐ,BRA,ATS - Tốt,28.0,
2026-08,V. CƠ ĐIỆN — 1. Số lượng máy PĐ,BRA,Cố định,31.0,
2026-08,V. CƠ ĐIỆN — 1. Số lượng máy PĐ,BRA,Ghi chú tỉ lệ máy dầu,0.4925373134328358,
2026-08,V. CƠ ĐIỆN — 1. Số lượng máy PĐ,BRA,Lưu động,29.0,
2026-08,V. CƠ ĐIỆN — 1. Số lượng máy PĐ,BRA,Máy phát điện - Dầu - Hỏng hẳn,1.0,
2026-08,V. CƠ ĐIỆN — 1. Số lượng máy PĐ,BRA,Máy phát điện - Dầu - Tốt,32.0,
2026-08,V. CƠ ĐIỆN — 1. Số lượng máy PĐ,BRA,Máy phát điện - Dầu - Tổng máy dầu,33.0,
2026-08,V. CƠ ĐIỆN — 1. Số lượng máy PĐ,BRA,Máy phát điện - Dầu - Đang sửa chữa,0.0,
2026-08,V. CƠ ĐIỆN — 1. Số lượng máy PĐ,BRA,Máy phát điện - Xăng - Hỏng hẳn,2.0,
2026-08,V. CƠ ĐIỆN — 1. Số lượng máy PĐ,BRA,Máy phát điện - Xăng - Tốt,32.0,
2026-08,V. CƠ ĐIỆN — 1. Số lượng máy PĐ,BRA,Máy phát điện - Xăng - Tổng máy xăng,34.0,
2026-08,V. CƠ ĐIỆN — 1. Số lượng máy PĐ,BRA,Máy phát điện - Xăng - Đang sửa chữa,0.0,
2026-08,V. CƠ ĐIỆN — 1. Số lượng máy PĐ,BRA,"Số vị trị VHKT ƯCTT
(không tính các trạm RRU, SMC, FTC,…)",131.0,
2026-08,V. CƠ ĐIỆN — 1. Số lượng máy PĐ,BRA,Tỉ lệ ATS/Máy,0.417910447761194,
2026-08,V. CƠ ĐIỆN — 1. Số lượng máy PĐ,BRA,Tỉ lệ Máy phát/trạm,0.5114503816793893,
2026-08,V. CƠ ĐIỆN — 1. Số lượng máy PĐ,BRA,Tỉ lệ máy hỏng/tổng số máy,0.0,
2026-08,V. CƠ ĐIỆN — 1. Số lượng máy PĐ,BRA,Tổng số ATS,28.0,
2026-08,V. CƠ ĐIỆN — 1. Số lượng máy PĐ,BRA,Tổng số MPĐ,67.0,
2026-08,V. CƠ ĐIỆN — 1. Số lượng máy PĐ,BRA,Vị trí tính lương,172.0,
2026-08,V. CƠ ĐIỆN — 1. Số lượng máy PĐ,CDO,ATS - Hỏng,0.0,
2026-08,V. CƠ ĐIỆN — 1. Số lượng máy PĐ,CDO,ATS - Tốt,5.0,
2026-08,V. CƠ ĐIỆN — 1. Số lượng máy PĐ,CDO,Cố định,9.0,
2026-08,V. CƠ ĐIỆN — 1. Số lượng máy PĐ,CDO,Ghi chú tỉ lệ máy dầu,0.8260869565217391,
2026-08,V. CƠ ĐIỆN — 1. Số lượng máy PĐ,CDO,Lưu động,0.0,
2026-08,V. CƠ ĐIỆN — 1. Số lượng máy PĐ,CDO,Máy phát điện - Dầu - Hỏng hẳn,0.0,
2026-08,V. CƠ ĐIỆN — 1. Số lượng máy PĐ,CDO,Máy phát điện - Dầu - Tốt,19.0,
2026-08,V. CƠ ĐIỆN — 1. Số lượng máy PĐ,CDO,Máy phát điện - Dầu - Tổng máy dầu,19.0,
2026-08,V. CƠ ĐIỆN — 1. Số lượng máy PĐ,CDO,Máy phát điện - Dầu - Đang sửa chữa,0.0,
2026-08,V. CƠ ĐIỆN — 1. Số lượng máy PĐ,CDO,Máy phát điện - Xăng - Hỏng hẳn,1.0,
2026-08,V. CƠ ĐIỆN — 1. Số lượng máy PĐ,CDO,Máy phát điện - Xăng - Tốt,3.0,
2026-08,V. CƠ ĐIỆN — 1. Số lượng máy PĐ,CDO,Máy phát điện - Xăng - Tổng máy xăng,4.0,
2026-08,V. CƠ ĐIỆN — 1. Số lượng máy PĐ,CDO,Máy phát điện - Xăng - Đang sửa chữa,0.0,
2026-08,V. CƠ ĐIỆN — 1. Số lượng máy PĐ,CDO,"Số vị trị VHKT ƯCTT
(không tính các trạm RRU, SMC, FTC,…)",22.0,
2026-08,V. CƠ ĐIỆN — 1. Số lượng máy PĐ,CDO,Tỉ lệ ATS/Máy,0.4782608695652174,
2026-08,V. CƠ ĐIỆN — 1. Số lượng máy PĐ,CDO,Tỉ lệ Máy phát/trạm,1.0454545454545454,
2026-08,V. CƠ ĐIỆN — 1. Số lượng máy PĐ,CDO,Tỉ lệ máy hỏng/tổng số máy,0.0,
2026-08,V. CƠ ĐIỆN — 1. Số lượng máy PĐ,CDO,Tổng số ATS,11.0,
2026-08,V. CƠ ĐIỆN — 1. Số lượng máy PĐ,CDO,Tổng số MPĐ,23.0,
2026-08,V. CƠ ĐIỆN — 1. Số lượng máy PĐ,CDO,Vị trí tính lương,40.0,
2026-08,V. CƠ ĐIỆN — 1. Số lượng máy PĐ,CHP,ATS - Hỏng,0.0,
2026-08,V. CƠ ĐIỆN — 1. Số lượng máy PĐ,CHP,ATS - Tốt,53.0,
2026-08,V. CƠ ĐIỆN — 1. Số lượng máy PĐ,CHP,Cố định,60.0,
2026-08,V. CƠ ĐIỆN — 1. Số lượng máy PĐ,CHP,Ghi chú tỉ lệ máy dầu,0.46,
2026-08,V. CƠ ĐIỆN — 1. Số lượng máy PĐ,CHP,Lưu động,21.0,
2026-08,V. CƠ ĐIỆN — 1. Số lượng máy PĐ,CHP,Máy phát điện - Dầu - Hỏng hẳn,1.0,
2026-08,V. CƠ ĐIỆN — 1. Số lượng máy PĐ,CHP,Máy phát điện - Dầu - Tốt,43.0,
2026-08,V. CƠ ĐIỆN — 1. Số lượng máy PĐ,CHP,Máy phát điện - Dầu - Tổng máy dầu,46.0,
2026-08,V. CƠ ĐIỆN — 1. Số lượng máy PĐ,CHP,Máy phát điện - Dầu - Đang sửa chữa,2.0,
2026-08,V. CƠ ĐIỆN — 1. Số lượng máy PĐ,CHP,Máy phát điện - Xăng - Hỏng hẳn,0.0,
2026-08,V. CƠ ĐIỆN — 1. Số lượng máy PĐ,CHP,Máy phát điện - Xăng - Tốt,53.0,
2026-08,V. CƠ ĐIỆN — 1. Số lượng máy PĐ,CHP,Máy phát điện - Xăng - Tổng máy xăng,54.0,
2026-08,V. CƠ ĐIỆN — 1. Số lượng máy PĐ,CHP,Máy phát điện - Xăng - Đang sửa chữa,1.0,
2026-08,V. CƠ ĐIỆN — 1. Số lượng máy PĐ,CHP,"Số vị trị VHKT ƯCTT
(không tính các trạm RRU, SMC, FTC,…)",253.0,
2026-08,V. CƠ ĐIỆN — 1. Số lượng máy PĐ,CHP,Tỉ lệ ATS/Máy,0.56,
2026-08,V. CƠ ĐIỆN — 1. Số lượng máy PĐ,CHP,Tỉ lệ Máy phát/trạm,0.3952569169960474,
2026-08,V. CƠ ĐIỆN — 1. Số lượng máy PĐ,CHP,Tỉ lệ máy hỏng/tổng số máy,0.014705882352941176,
2026-08,V. CƠ ĐIỆN — 1. Số lượng máy PĐ,CHP,Tổng số ATS,56.0,
2026-08,V. CƠ ĐIỆN — 1. Số lượng máy PĐ,CHP,Tổng số MPĐ,100.0,
2026-08,V. CƠ ĐIỆN — 1. Số lượng máy PĐ,CHP,Vị trí tính lương,328.0,
2026-08,V. CƠ ĐIỆN — 1. Số lượng máy PĐ,DTG,ATS - Hỏng,0.0,
2026-08,V. CƠ ĐIỆN — 1. Số lượng máy PĐ,DTG,ATS - Tốt,44.0,
2026-08,V. CƠ ĐIỆN — 1. Số lượng máy PĐ,DTG,Cố định,48.0,
2026-08,V. CƠ ĐIỆN — 1. Số lượng máy PĐ,DTG,Ghi chú tỉ lệ máy dầu,0.28125,
2026-08,V. CƠ ĐIỆN — 1. Số lượng máy PĐ,DTG,Lưu động,2.0,
2026-08,V. CƠ ĐIỆN — 1. Số lượng máy PĐ,DTG,Máy phát điện - Dầu - Hỏng hẳn,0.0,
2026-08,V. CƠ ĐIỆN — 1. Số lượng máy PĐ,DTG,Máy phát điện - Dầu - Tốt,18.0,
2026-08,V. CƠ ĐIỆN — 1. Số lượng máy PĐ,DTG,Máy phát điện - Dầu - Tổng máy dầu,18.0,
2026-08,V. CƠ ĐIỆN — 1. Số lượng máy PĐ,DTG,Máy phát điện - Dầu - Đang sửa chữa,0.0,
2026-08,V. CƠ ĐIỆN — 1. Số lượng máy PĐ,DTG,Máy phát điện - Xăng - Hỏng hẳn,0.0,
2026-08,V. CƠ ĐIỆN — 1. Số lượng máy PĐ,DTG,Máy phát điện - Xăng - Tốt,44.0,
2026-08,V. CƠ ĐIỆN — 1. Số lượng máy PĐ,DTG,Máy phát điện - Xăng - Tổng máy xăng,46.0,
2026-08,V. CƠ ĐIỆN — 1. Số lượng máy PĐ,DTG,Máy phát điện - Xăng - Đang sửa chữa,2.0,
2026-08,V. CƠ ĐIỆN — 1. Số lượng máy PĐ,DTG,"Số vị trị VHKT ƯCTT
(không tính các trạm RRU, SMC, FTC,…)",91.0,
2026-08,V. CƠ ĐIỆN — 1. Số lượng máy PĐ,DTG,Tỉ lệ ATS/Máy,0.6875,
2026-08,V. CƠ ĐIỆN — 1. Số lượng máy PĐ,DTG,Tỉ lệ Máy phát/trạm,0.7032967032967034,
2026-08,V. CƠ ĐIỆN — 1. Số lượng máy PĐ,DTG,Tỉ lệ máy hỏng/tổng số máy,0.03,
2026-08,V. CƠ ĐIỆN — 1. Số lượng máy PĐ,DTG,Tổng số ATS,44.0,
2026-08,V. CƠ ĐIỆN — 1. Số lượng máy PĐ,DTG,Tổng số MPĐ,64.0,
2026-08,V. CƠ ĐIỆN — 1. Số lượng máy PĐ,DTG,Vị trí tính lương,146.0,
2026-08,V. CƠ ĐIỆN — 1. Số lượng máy PĐ,HTM,ATS - Hỏng,0.0,
2026-08,V. CƠ ĐIỆN — 1. Số lượng máy PĐ,HTM,ATS - Tốt,29.0,
2026-08,V. CƠ ĐIỆN — 1. Số lượng máy PĐ,HTM,Cố định,39.0,
2026-08,V. CƠ ĐIỆN — 1. Số lượng máy PĐ,HTM,Ghi chú tỉ lệ máy dầu,0.4431818181818182,
2026-08,V. CƠ ĐIỆN — 1. Số lượng máy PĐ,HTM,Lưu động,42.0,
2026-08,V. CƠ ĐIỆN — 1. Số lượng máy PĐ,HTM,Máy phát điện - Dầu - Hỏng hẳn,0.0,
2026-08,V. CƠ ĐIỆN — 1. Số lượng máy PĐ,HTM,Máy phát điện - Dầu - Tốt,38.0,
2026-08,V. CƠ ĐIỆN — 1. Số lượng máy PĐ,HTM,Máy phát điện - Dầu - Tổng máy dầu,39.0,
2026-08,V. CƠ ĐIỆN — 1. Số lượng máy PĐ,HTM,Máy phát điện - Dầu - Đang sửa chữa,1.0,
2026-08,V. CƠ ĐIỆN — 1. Số lượng máy PĐ,HTM,Máy phát điện - Xăng - Hỏng hẳn,0.0,
2026-08,V. CƠ ĐIỆN — 1. Số lượng máy PĐ,HTM,Máy phát điện - Xăng - Tốt,49.0,
2026-08,V. CƠ ĐIỆN — 1. Số lượng máy PĐ,HTM,Máy phát điện - Xăng - Tổng máy xăng,49.0,
2026-08,V. CƠ ĐIỆN — 1. Số lượng máy PĐ,HTM,Máy phát điện - Xăng - Đang sửa chữa,0.0,
2026-08,V. CƠ ĐIỆN — 1. Số lượng máy PĐ,HTM,"Số vị trị VHKT ƯCTT
(không tính các trạm RRU, SMC, FTC,…)",137.0,
2026-08,V. CƠ ĐIỆN — 1. Số lượng máy PĐ,HTM,Tỉ lệ ATS/Máy,0.3522727272727273,
2026-08,V. CƠ ĐIỆN — 1. Số lượng máy PĐ,HTM,Tỉ lệ Máy phát/trạm,0.6423357664233577,
2026-08,V. CƠ ĐIỆN — 1. Số lượng máy PĐ,HTM,Tỉ lệ máy hỏng/tổng số máy,0.011363636363636364,
2026-08,V. CƠ ĐIỆN — 1. Số lượng máy PĐ,HTM,Tổng số ATS,31.0,
2026-08,V. CƠ ĐIỆN — 1. Số lượng máy PĐ,HTM,Tổng số MPĐ,88.0,
2026-08,V. CƠ ĐIỆN — 1. Số lượng máy PĐ,HTM,Vị trí tính lương,176.0,
2026-08,V. CƠ ĐIỆN — 1. Số lượng máy PĐ,NGO,ATS - Hỏng,0.0,
2026-08,V. CƠ ĐIỆN — 1. Số lượng máy PĐ,NGO,ATS - Tốt,9.0,
2026-08,V. CƠ ĐIỆN — 1. Số lượng máy PĐ,NGO,Cố định,13.0,
2026-08,V. CƠ ĐIỆN — 1. Số lượng máy PĐ,NGO,Ghi chú tỉ lệ máy dầu,0.2708333333333333,
2026-08,V. CƠ ĐIỆN — 1. Số lượng máy PĐ,NGO,Lưu động,30.0,
2026-08,V. CƠ ĐIỆN — 1. Số lượng máy PĐ,NGO,Máy phát điện - Dầu - Hỏng hẳn,0.0,
2026-08,V. CƠ ĐIỆN — 1. Số lượng máy PĐ,NGO,Máy phát điện - Dầu - Tốt,28.0,
2026-08,V. CƠ ĐIỆN — 1. Số lượng máy PĐ,NGO,Máy phát điện - Dầu - Tổng máy dầu,28.0,
2026-08,V. CƠ ĐIỆN — 1. Số lượng máy PĐ,NGO,Máy phát điện - Dầu - Đang sửa chữa,0.0,
2026-08,V. CƠ ĐIỆN — 1. Số lượng máy PĐ,NGO,Máy phát điện - Xăng - Hỏng hẳn,2.0,
2026-08,V. CƠ ĐIỆN — 1. Số lượng máy PĐ,NGO,Máy phát điện - Xăng - Tốt,22.0,
2026-08,V. CƠ ĐIỆN — 1. Số lượng máy PĐ,NGO,Máy phát điện - Xăng - Tổng máy xăng,24.0,
2026-08,V. CƠ ĐIỆN — 1. Số lượng máy PĐ,NGO,Máy phát điện - Xăng - Đang sửa chữa,0.0,
2026-08,V. CƠ ĐIỆN — 1. Số lượng máy PĐ,NGO,"Số vị trị VHKT ƯCTT
(không tính các trạm RRU, SMC, FTC,…)",87.0,
2026-08,V. CƠ ĐIỆN — 1. Số lượng máy PĐ,NGO,Tỉ lệ ATS/Máy,0.20833333333333334,
2026-08,V. CƠ ĐIỆN — 1. Số lượng máy PĐ,NGO,Tỉ lệ Máy phát/trạm,0.5977011494252874,
2026-08,V. CƠ ĐIỆN — 1. Số lượng máy PĐ,NGO,Tỉ lệ máy hỏng/tổng số máy,0.0,
2026-08,V. CƠ ĐIỆN — 1. Số lượng máy PĐ,NGO,Tổng số ATS,10.0,
2026-08,V. CƠ ĐIỆN — 1. Số lượng máy PĐ,NGO,Tổng số MPĐ,52.0,
2026-08,V. CƠ ĐIỆN — 1. Số lượng máy PĐ,NGO,Vị trí tính lương,121.0,
2026-08,V. CƠ ĐIỆN — 1. Số lượng máy PĐ,PGO,ATS - Hỏng,0.0,
2026-08,V. CƠ ĐIỆN — 1. Số lượng máy PĐ,PGO,ATS - Tốt,35.0,
2026-08,V. CƠ ĐIỆN — 1. Số lượng máy PĐ,PGO,Cố định,42.0,
2026-08,V. CƠ ĐIỆN — 1. Số lượng máy PĐ,PGO,Ghi chú tỉ lệ máy dầu,0.2631578947368421,
2026-08,V. CƠ ĐIỆN — 1. Số lượng máy PĐ,PGO,Lưu động,3.0,
2026-08,V. CƠ ĐIỆN — 1. Số lượng máy PĐ,PGO,Máy phát điện - Dầu - Hỏng hẳn,0.0,
2026-08,V. CƠ ĐIỆN — 1. Số lượng máy PĐ,PGO,Máy phát điện - Dầu - Tốt,15.0,
2026-08,V. CƠ ĐIỆN — 1. Số lượng máy PĐ,PGO,Máy phát điện - Dầu - Tổng máy dầu,15.0,
2026-08,V. CƠ ĐIỆN — 1. Số lượng máy PĐ,PGO,Máy phát điện - Dầu - Đang sửa chữa,0.0,
2026-08,V. CƠ ĐIỆN — 1. Số lượng máy PĐ,PGO,Máy phát điện - Xăng - Hỏng hẳn,1.0,
2026-08,V. CƠ ĐIỆN — 1. Số lượng máy PĐ,PGO,Máy phát điện - Xăng - Tốt,39.0,
2026-08,V. CƠ ĐIỆN — 1. Số lượng máy PĐ,PGO,Máy phát điện - Xăng - Tổng máy xăng,42.0,
2026-08,V. CƠ ĐIỆN — 1. Số lượng máy PĐ,PGO,Máy phát điện - Xăng - Đang sửa chữa,2.0,
2026-08,V. CƠ ĐIỆN — 1. Số lượng máy PĐ,PGO,"Số vị trị VHKT ƯCTT
(không tính các trạm RRU, SMC, FTC,…)",74.0,
2026-08,V. CƠ ĐIỆN — 1. Số lượng máy PĐ,PGO,Tỉ lệ ATS/Máy,0.7017543859649122,
2026-08,V. CƠ ĐIỆN — 1. Số lượng máy PĐ,PGO,Tỉ lệ Máy phát/trạm,0.7702702702702703,
2026-08,V. CƠ ĐIỆN — 1. Số lượng máy PĐ,PGO,Tỉ lệ máy hỏng/tổng số máy,0.03508771929824561,
2026-08,V. CƠ ĐIỆN — 1. Số lượng máy PĐ,PGO,Tổng số ATS,40.0,
2026-08,V. CƠ ĐIỆN — 1. Số lượng máy PĐ,PGO,Tổng số MPĐ,57.0,
2026-08,V. CƠ ĐIỆN — 1. Số lượng máy PĐ,PGO,Vị trí tính lương,117.0,
2026-08,V. CƠ ĐIỆN — 1. Số lượng máy PĐ,PMY,ATS - Hỏng,1.0,
2026-08,V. CƠ ĐIỆN — 1. Số lượng máy PĐ,PMY,ATS - Tốt,11.0,
2026-08,V. CƠ ĐIỆN — 1. Số lượng máy PĐ,PMY,Cố định,23.0,
2026-08,V. CƠ ĐIỆN — 1. Số lượng máy PĐ,PMY,Ghi chú tỉ lệ máy dầu,0.5384615384615384,
2026-08,V. CƠ ĐIỆN — 1. Số lượng máy PĐ,PMY,Lưu động,19.0,
2026-08,V. CƠ ĐIỆN — 1. Số lượng máy PĐ,PMY,Máy phát điện - Dầu - Hỏng hẳn,0.0,
2026-08,V. CƠ ĐIỆN — 1. Số lượng máy PĐ,PMY,Máy phát điện - Dầu - Tốt,13.0,
2026-08,V. CƠ ĐIỆN — 1. Số lượng máy PĐ,PMY,Máy phát điện - Dầu - Tổng máy dầu,13.0,
2026-08,V. CƠ ĐIỆN — 1. Số lượng máy PĐ,PMY,Máy phát điện - Dầu - Đang sửa chữa,0.0,
2026-08,V. CƠ ĐIỆN — 1. Số lượng máy PĐ,PMY,Máy phát điện - Xăng - Hỏng hẳn,2.0,
2026-08,V. CƠ ĐIỆN — 1. Số lượng máy PĐ,PMY,Máy phát điện - Xăng - Tốt,33.0,
2026-08,V. CƠ ĐIỆN — 1. Số lượng máy PĐ,PMY,Máy phát điện - Xăng - Tổng máy xăng,35.0,
2026-08,V. CƠ ĐIỆN — 1. Số lượng máy PĐ,PMY,Máy phát điện - Xăng - Đang sửa chữa,0.0,
2026-08,V. CƠ ĐIỆN — 1. Số lượng máy PĐ,PMY,"Số vị trị VHKT ƯCTT
(không tính các trạm RRU, SMC, FTC,…)",145.0,
2026-08,V. CƠ ĐIỆN — 1. Số lượng máy PĐ,PMY,Tỉ lệ ATS/Máy,0.23076923076923078,
2026-08,V. CƠ ĐIỆN — 1. Số lượng máy PĐ,PMY,Tỉ lệ Máy phát/trạm,0.3310344827586207,
2026-08,V. CƠ ĐIỆN — 1. Số lượng máy PĐ,PMY,Tỉ lệ máy hỏng/tổng số máy,0.0,
2026-08,V. CƠ ĐIỆN — 1. Số lượng máy PĐ,PMY,Tổng số ATS,12.0,
2026-08,V. CƠ ĐIỆN — 1. Số lượng máy PĐ,PMY,Tổng số MPĐ,48.0,
2026-08,V. CƠ ĐIỆN — 1. Số lượng máy PĐ,PMY,Vị trí tính lương,186.0,
2026-08,V. CƠ ĐIỆN — 1. Số lượng máy PĐ,TDH,ATS - Hỏng,1.0,
2026-08,V. CƠ ĐIỆN — 1. Số lượng máy PĐ,TDH,ATS - Tốt,14.0,
2026-08,V. CƠ ĐIỆN — 1. Số lượng máy PĐ,TDH,Cố định,54.0,
2026-08,V. CƠ ĐIỆN — 1. Số lượng máy PĐ,TDH,Ghi chú tỉ lệ máy dầu,0.47474747474747475,
2026-08,V. CƠ ĐIỆN — 1. Số lượng máy PĐ,TDH,Lưu động,30.0,
2026-08,V. CƠ ĐIỆN — 1. Số lượng máy PĐ,TDH,Máy phát điện - Dầu - Hỏng hẳn,1.0,
2026-08,V. CƠ ĐIỆN — 1. Số lượng máy PĐ,TDH,Máy phát điện - Dầu - Tốt,46.0,
2026-08,V. CƠ ĐIỆN — 1. Số lượng máy PĐ,TDH,Máy phát điện - Dầu - Tổng máy dầu,47.0,
2026-08,V. CƠ ĐIỆN — 1. Số lượng máy PĐ,TDH,Máy phát điện - Dầu - Đang sửa chữa,0.0,
2026-08,V. CƠ ĐIỆN — 1. Số lượng máy PĐ,TDH,Máy phát điện - Xăng - Hỏng hẳn,1.0,
2026-08,V. CƠ ĐIỆN — 1. Số lượng máy PĐ,TDH,Máy phát điện - Xăng - Tốt,50.0,
2026-08,V. CƠ ĐIỆN — 1. Số lượng máy PĐ,TDH,Máy phát điện - Xăng - Tổng máy xăng,52.0,
2026-08,V. CƠ ĐIỆN — 1. Số lượng máy PĐ,TDH,Máy phát điện - Xăng - Đang sửa chữa,1.0,
2026-08,V. CƠ ĐIỆN — 1. Số lượng máy PĐ,TDH,"Số vị trị VHKT ƯCTT
(không tính các trạm RRU, SMC, FTC,…)",216.0,
2026-08,V. CƠ ĐIỆN — 1. Số lượng máy PĐ,TDH,Tỉ lệ ATS/Máy,0.16161616161616163,
2026-08,V. CƠ ĐIỆN — 1. Số lượng máy PĐ,TDH,Tỉ lệ Máy phát/trạm,0.4583333333333333,
2026-08,V. CƠ ĐIỆN — 1. Số lượng máy PĐ,TDH,Tỉ lệ máy hỏng/tổng số máy,0.03125,
2026-08,V. CƠ ĐIỆN — 1. Số lượng máy PĐ,TDH,Tổng số ATS,16.0,
2026-08,V. CƠ ĐIỆN — 1. Số lượng máy PĐ,TDH,Tổng số MPĐ,99.0,
2026-08,V. CƠ ĐIỆN — 1. Số lượng máy PĐ,TDH,Vị trí tính lương,280.0,
2026-08,V. CƠ ĐIỆN — 1. Số lượng máy PĐ,TGO,ATS - Hỏng,0.0,
2026-08,V. CƠ ĐIỆN — 1. Số lượng máy PĐ,TGO,ATS - Tốt,53.0,
2026-08,V. CƠ ĐIỆN — 1. Số lượng máy PĐ,TGO,Cố định,97.0,
2026-08,V. CƠ ĐIỆN — 1. Số lượng máy PĐ,TGO,Ghi chú tỉ lệ máy dầu,0.5157232704402516,
2026-08,V. CƠ ĐIỆN — 1. Số lượng máy PĐ,TGO,Lưu động,50.0,
2026-08,V. CƠ ĐIỆN — 1. Số lượng máy PĐ,TGO,Máy phát điện - Dầu - Hỏng hẳn,1.0,
2026-08,V. CƠ ĐIỆN — 1. Số lượng máy PĐ,TGO,Máy phát điện - Dầu - Tốt,79.0,
2026-08,V. CƠ ĐIỆN — 1. Số lượng máy PĐ,TGO,Máy phát điện - Dầu - Tổng máy dầu,82.0,
2026-08,V. CƠ ĐIỆN — 1. Số lượng máy PĐ,TGO,Máy phát điện - Dầu - Đang sửa chữa,2.0,
2026-08,V. CƠ ĐIỆN — 1. Số lượng máy PĐ,TGO,Máy phát điện - Xăng - Hỏng hẳn,0.0,
2026-08,V. CƠ ĐIỆN — 1. Số lượng máy PĐ,TGO,Máy phát điện - Xăng - Tốt,76.0,
2026-08,V. CƠ ĐIỆN — 1. Số lượng máy PĐ,TGO,Máy phát điện - Xăng - Tổng máy xăng,77.0,
2026-08,V. CƠ ĐIỆN — 1. Số lượng máy PĐ,TGO,Máy phát điện - Xăng - Đang sửa chữa,1.0,
2026-08,V. CƠ ĐIỆN — 1. Số lượng máy PĐ,TGO,"Số vị trị VHKT ƯCTT
(không tính các trạm RRU, SMC, FTC,…)",316.0,
2026-08,V. CƠ ĐIỆN — 1. Số lượng máy PĐ,TGO,Tỉ lệ ATS/Máy,0.4025157232704403,
2026-08,V. CƠ ĐIỆN — 1. Số lượng máy PĐ,TGO,Tỉ lệ Máy phát/trạm,0.5031645569620253,
2026-08,V. CƠ ĐIỆN — 1. Số lượng máy PĐ,TGO,Tỉ lệ máy hỏng/tổng số máy,0.015873015873015872,
2026-08,V. CƠ ĐIỆN — 1. Số lượng máy PĐ,TGO,Tổng số ATS,64.0,
2026-08,V. CƠ ĐIỆN — 1. Số lượng máy PĐ,TGO,Tổng số MPĐ,159.0,
2026-08,V. CƠ ĐIỆN — 1. Số lượng máy PĐ,TGO,Vị trí tính lương,437.0,
2026-08,V. CƠ ĐIỆN — 1. Số lượng máy PĐ,THA,ATS - Hỏng,2.0,
2026-08,V. CƠ ĐIỆN — 1. Số lượng máy PĐ,THA,ATS - Tốt,60.0,
2026-08,V. CƠ ĐIỆN — 1. Số lượng máy PĐ,THA,Cố định,97.0,
2026-08,V. CƠ ĐIỆN — 1. Số lượng máy PĐ,THA,Ghi chú tỉ lệ máy dầu,0.5294117647058824,
2026-08,V. CƠ ĐIỆN — 1. Số lượng máy PĐ,THA,Lưu động,24.0,
2026-08,V. CƠ ĐIỆN — 1. Số lượng máy PĐ,THA,Máy phát điện - Dầu - Hỏng hẳn,0.0,
2026-08,V. CƠ ĐIỆN — 1. Số lượng máy PĐ,THA,Máy phát điện - Dầu - Tốt,71.0,
2026-08,V. CƠ ĐIỆN — 1. Số lượng máy PĐ,THA,Máy phát điện - Dầu - Tổng máy dầu,72.0,
2026-08,V. CƠ ĐIỆN — 1. Số lượng máy PĐ,THA,Máy phát điện - Dầu - Đang sửa chữa,1.0,
2026-08,V. CƠ ĐIỆN — 1. Số lượng máy PĐ,THA,Máy phát điện - Xăng - Hỏng hẳn,1.0,
2026-08,V. CƠ ĐIỆN — 1. Số lượng máy PĐ,THA,Máy phát điện - Xăng - Tốt,62.0,
2026-08,V. CƠ ĐIỆN — 1. Số lượng máy PĐ,THA,Máy phát điện - Xăng - Tổng máy xăng,64.0,
2026-08,V. CƠ ĐIỆN — 1. Số lượng máy PĐ,THA,Máy phát điện - Xăng - Đang sửa chữa,1.0,
2026-08,V. CƠ ĐIỆN — 1. Số lượng máy PĐ,THA,"Số vị trị VHKT ƯCTT
(không tính các trạm RRU, SMC, FTC,…)",410.0,
2026-08,V. CƠ ĐIỆN — 1. Số lượng máy PĐ,THA,Tỉ lệ ATS/Máy,0.5220588235294118,
2026-08,V. CƠ ĐIỆN — 1. Số lượng máy PĐ,THA,Tỉ lệ Máy phát/trạm,0.33170731707317075,
2026-08,V. CƠ ĐIỆN — 1. Số lượng máy PĐ,THA,Tỉ lệ máy hỏng/tổng số máy,0.018867924528301886,
2026-08,V. CƠ ĐIỆN — 1. Số lượng máy PĐ,THA,Tổng số ATS,71.0,
2026-08,V. CƠ ĐIỆN — 1. Số lượng máy PĐ,THA,Tổng số MPĐ,136.0,
2026-08,V. CƠ ĐIỆN — 1. Số lượng máy PĐ,THA,Vị trí tính lương,493.0,
2026-08,V. CƠ ĐIỆN — 1. Số lượng máy PĐ,TTG,ATS - Hỏng,0.0,
2026-08,V. CƠ ĐIỆN — 1. Số lượng máy PĐ,TTG,ATS - Tốt,28.0,
2026-08,V. CƠ ĐIỆN — 1. Số lượng máy PĐ,TTG,Cố định,36.0,
2026-08,V. CƠ ĐIỆN — 1. Số lượng máy PĐ,TTG,Ghi chú tỉ lệ máy dầu,0.609375,
2026-08,V. CƠ ĐIỆN — 1. Số lượng máy PĐ,TTG,Lưu động,23.0,
2026-08,V. CƠ ĐIỆN — 1. Số lượng máy PĐ,TTG,Máy phát điện - Dầu - Hỏng hẳn,0.0,
2026-08,V. CƠ ĐIỆN — 1. Số lượng máy PĐ,TTG,Máy phát điện - Dầu - Tốt,39.0,
2026-08,V. CƠ ĐIỆN — 1. Số lượng máy PĐ,TTG,Máy phát điện - Dầu - Tổng máy dầu,39.0,
2026-08,V. CƠ ĐIỆN — 1. Số lượng máy PĐ,TTG,Máy phát điện - Dầu - Đang sửa chữa,0.0,
2026-08,V. CƠ ĐIỆN — 1. Số lượng máy PĐ,TTG,Máy phát điện - Xăng - Hỏng hẳn,0.0,
2026-08,V. CƠ ĐIỆN — 1. Số lượng máy PĐ,TTG,Máy phát điện - Xăng - Tốt,25.0,
2026-08,V. CƠ ĐIỆN — 1. Số lượng máy PĐ,TTG,Máy phát điện - Xăng - Tổng máy xăng,25.0,
2026-08,V. CƠ ĐIỆN — 1. Số lượng máy PĐ,TTG,Máy phát điện - Xăng - Đang sửa chữa,0.0,
2026-08,V. CƠ ĐIỆN — 1. Số lượng máy PĐ,TTG,"Số vị trị VHKT ƯCTT
(không tính các trạm RRU, SMC, FTC,…)",206.0,
2026-08,V. CƠ ĐIỆN — 1. Số lượng máy PĐ,TTG,Tỉ lệ ATS/Máy,0.4375,
2026-08,V. CƠ ĐIỆN — 1. Số lượng máy PĐ,TTG,Tỉ lệ Máy phát/trạm,0.3106796116504854,
2026-08,V. CƠ ĐIỆN — 1. Số lượng máy PĐ,TTG,Tỉ lệ máy hỏng/tổng số máy,0.0,
2026-08,V. CƠ ĐIỆN — 1. Số lượng máy PĐ,TTG,Tổng số ATS,28.0,
2026-08,V. CƠ ĐIỆN — 1. Số lượng máy PĐ,TTG,Tổng số MPĐ,64.0,
2026-08,V. CƠ ĐIỆN — 1. Số lượng máy PĐ,TTG,Vị trí tính lương,331.0,
2026-08,V. CƠ ĐIỆN — 1. Số lượng máy PĐ,TUN,ATS - Hỏng,3.0,
2026-08,V. CƠ ĐIỆN — 1. Số lượng máy PĐ,TUN,ATS - Tốt,90.0,
2026-08,V. CƠ ĐIỆN — 1. Số lượng máy PĐ,TUN,Cố định,126.0,
2026-08,V. CƠ ĐIỆN — 1. Số lượng máy PĐ,TUN,Ghi chú tỉ lệ máy dầu,0.5555555555555556,
2026-08,V. CƠ ĐIỆN — 1. Số lượng máy PĐ,TUN,Lưu động,8.0,
2026-08,V. CƠ ĐIỆN — 1. Số lượng máy PĐ,TUN,Máy phát điện - Dầu - Hỏng hẳn,0.0,
2026-08,V. CƠ ĐIỆN — 1. Số lượng máy PĐ,TUN,Máy phát điện - Dầu - Tốt,104.0,
2026-08,V. CƠ ĐIỆN — 1. Số lượng máy PĐ,TUN,Máy phát điện - Dầu - Tổng máy dầu,105.0,
2026-08,V. CƠ ĐIỆN — 1. Số lượng máy PĐ,TUN,Máy phát điện - Dầu - Đang sửa chữa,1.0,
2026-08,V. CƠ ĐIỆN — 1. Số lượng máy PĐ,TUN,Máy phát điện - Xăng - Hỏng hẳn,0.0,
2026-08,V. CƠ ĐIỆN — 1. Số lượng máy PĐ,TUN,Máy phát điện - Xăng - Tốt,82.0,
2026-08,V. CƠ ĐIỆN — 1. Số lượng máy PĐ,TUN,Máy phát điện - Xăng - Tổng máy xăng,84.0,
2026-08,V. CƠ ĐIỆN — 1. Số lượng máy PĐ,TUN,Máy phát điện - Xăng - Đang sửa chữa,2.0,
2026-08,V. CƠ ĐIỆN — 1. Số lượng máy PĐ,TUN,"Số vị trị VHKT ƯCTT
(không tính các trạm RRU, SMC, FTC,…)",377.0,
2026-08,V. CƠ ĐIỆN — 1. Số lượng máy PĐ,TUN,Tỉ lệ ATS/Máy,0.5291005291005291,
2026-08,V. CƠ ĐIỆN — 1. Số lượng máy PĐ,TUN,Tỉ lệ Máy phát/trạm,0.5013262599469496,
2026-08,V. CƠ ĐIỆN — 1. Số lượng máy PĐ,TUN,Tỉ lệ máy hỏng/tổng số máy,0.010101010101010102,
2026-08,V. CƠ ĐIỆN — 1. Số lượng máy PĐ,TUN,Tổng số ATS,100.0,
2026-08,V. CƠ ĐIỆN — 1. Số lượng máy PĐ,TUN,Tổng số MPĐ,189.0,
2026-08,V. CƠ ĐIỆN — 1. Số lượng máy PĐ,TUN,Vị trí tính lương,474.0,
2026-08,V. CƠ ĐIỆN — 2. Loại máy phát,BRA,3Tech (LionRock) - 8kVA,8.0,
2026-08,V. CƠ ĐIỆN — 2. Loại máy phát,BRA,CaPO - 30kVA,0.0,
2026-08,V. CƠ ĐIỆN — 2. Loại máy phát,BRA,Cummins - 30kVA,0.0,
2026-08,V. CƠ ĐIỆN — 2. Loại máy phát,BRA,Denyo - 16kVA,1.0,
2026-08,V. CƠ ĐIỆN — 2. Loại máy phát,BRA,Dzima - 30kvA,0.0,
2026-08,V. CƠ ĐIỆN — 2. Loại máy phát,BRA,Elemax - 12kVA,5.0,
2026-08,V. CƠ ĐIỆN — 2. Loại máy phát,BRA,"Fujian Weiman Power Technology Co., Ltd",0.0,
2026-08,V. CƠ ĐIỆN — 2. Loại máy phát,BRA,Hòa Bình,1.0,
2026-08,V. CƠ ĐIỆN — 2. Loại máy phát,BRA,Hữu Toàn,18.0,
2026-08,V. CƠ ĐIỆN — 2. Loại máy phát,BRA,Kim Bình,18.0,
2026-08,V. CƠ ĐIỆN — 2. Loại máy phát,BRA,Kirloskar - 12kVA,2.0,
2026-08,V. CƠ ĐIỆN — 2. Loại máy phát,BRA,Kyo,4.0,
2026-08,V. CƠ ĐIỆN — 2. Loại máy phát,BRA,Lister Petter,0.0,
2026-08,V. CƠ ĐIỆN — 2. Loại máy phát,BRA,Ningde Excel Power,1.0,
2026-08,V. CƠ ĐIỆN — 2. Loại máy phát,BRA,Ningde Power Excel,1.0,
2026-08,V. CƠ ĐIỆN — 2. Loại máy phát,BRA,Pramac,0.0,
2026-08,V. CƠ ĐIỆN — 2. Loại máy phát,BRA,Số máy,67.0,
2026-08,V. CƠ ĐIỆN — 2. Loại máy phát,BRA,Thiên Hòa An,7.0,
2026-08,V. CƠ ĐIỆN — 2. Loại máy phát,BRA,Trạm BTS tính lương,172.0,
2026-08,V. CƠ ĐIỆN — 2. Loại máy phát,BRA,Vinagenset,1.0,
2026-08,V. CƠ ĐIỆN — 2. Loại máy phát,BRA,Việt Nam,0.0,
2026-08,V. CƠ ĐIỆN — 2. Loại máy phát,BRA,Yanmar - 8kVA,0.0,
2026-08,V. CƠ ĐIỆN — 2. Loại máy phát,CDO,3Tech (LionRock) - 8kVA,1.0,
2026-08,V. CƠ ĐIỆN — 2. Loại máy phát,CDO,CaPO - 30kVA,0.0,
2026-08,V. CƠ ĐIỆN — 2. Loại máy phát,CDO,Cummins - 30kVA,0.0,
2026-08,V. CƠ ĐIỆN — 2. Loại máy phát,CDO,Denyo - 16kVA,0.0,
2026-08,V. CƠ ĐIỆN — 2. Loại máy phát,CDO,Dzima - 30kvA,1.0,
2026-08,V. CƠ ĐIỆN — 2. Loại máy phát,CDO,Elemax - 12kVA,0.0,
2026-08,V. CƠ ĐIỆN — 2. Loại máy phát,CDO,"Fujian Weiman Power Technology Co., Ltd",1.0,
2026-08,V. CƠ ĐIỆN — 2. Loại máy phát,CDO,Hòa Bình,1.0,
2026-08,V. CƠ ĐIỆN — 2. Loại máy phát,CDO,Hữu Toàn,4.0,
2026-08,V. CƠ ĐIỆN — 2. Loại máy phát,CDO,Kim Bình,14.0,
2026-08,V. CƠ ĐIỆN — 2. Loại máy phát,CDO,Kirloskar - 12kVA,0.0,
2026-08,V. CƠ ĐIỆN — 2. Loại máy phát,CDO,Kyo,0.0,
2026-08,V. CƠ ĐIỆN — 2. Loại máy phát,CDO,Lister Petter,0.0,
2026-08,V. CƠ ĐIỆN — 2. Loại máy phát,CDO,Ningde Excel Power,0.0,
2026-08,V. CƠ ĐIỆN — 2. Loại máy phát,CDO,Ningde Power Excel,0.0,
2026-08,V. CƠ ĐIỆN — 2. Loại máy phát,CDO,Pramac,0.0,
2026-08,V. CƠ ĐIỆN — 2. Loại máy phát,CDO,Số máy,23.0,
2026-08,V. CƠ ĐIỆN — 2. Loại máy phát,CDO,Thiên Hòa An,0.0,
2026-08,V. CƠ ĐIỆN — 2. Loại máy phát,CDO,Trạm BTS tính lương,40.0,
2026-08,V. CƠ ĐIỆN — 2. Loại máy phát,CDO,Vinagenset,0.0,
2026-08,V. CƠ ĐIỆN — 2. Loại máy phát,CDO,Việt Nam,0.0,
2026-08,V. CƠ ĐIỆN — 2. Loại máy phát,CDO,Yanmar - 8kVA,1.0,
2026-08,V. CƠ ĐIỆN — 2. Loại máy phát,CHP,3Tech (LionRock) - 8kVA,10.0,
2026-08,V. CƠ ĐIỆN — 2. Loại máy phát,CHP,CaPO - 30kVA,0.0,
2026-08,V. CƠ ĐIỆN — 2. Loại máy phát,CHP,Cummins - 30kVA,2.0,
2026-08,V. CƠ ĐIỆN — 2. Loại máy phát,CHP,Denyo - 16kVA,0.0,
2026-08,V. CƠ ĐIỆN — 2. Loại máy phát,CHP,Dzima - 30kvA,0.0,
2026-08,V. CƠ ĐIỆN — 2. Loại máy phát,CHP,Elemax - 12kVA,2.0,
2026-08,V. CƠ ĐIỆN — 2. Loại máy phát,CHP,"Fujian Weiman Power Technology Co., Ltd",0.0,
2026-08,V. CƠ ĐIỆN — 2. Loại máy phát,CHP,Hòa Bình,3.0,
2026-08,V. CƠ ĐIỆN — 2. Loại máy phát,CHP,Hữu Toàn,20.0,
2026-08,V. CƠ ĐIỆN — 2. Loại máy phát,CHP,Kim Bình,15.0,
2026-08,V. CƠ ĐIỆN — 2. Loại máy phát,CHP,Kirloskar - 12kVA,2.0,
2026-08,V. CƠ ĐIỆN — 2. Loại máy phát,CHP,Kyo,11.0,
2026-08,V. CƠ ĐIỆN — 2. Loại máy phát,CHP,Lister Petter,0.0,
2026-08,V. CƠ ĐIỆN — 2. Loại máy phát,CHP,Ningde Excel Power,4.0,
2026-08,V. CƠ ĐIỆN — 2. Loại máy phát,CHP,Ningde Power Excel,5.0,
2026-08,V. CƠ ĐIỆN — 2. Loại máy phát,CHP,Pramac,1.0,
2026-08,V. CƠ ĐIỆN — 2. Loại máy phát,CHP,Số máy,99.0,
2026-08,V. CƠ ĐIỆN — 2. Loại máy phát,CHP,Thiên Hòa An,23.0,
2026-08,V. CƠ ĐIỆN — 2. Loại máy phát,CHP,Trạm BTS tính lương,328.0,
2026-08,V. CƠ ĐIỆN — 2. Loại máy phát,CHP,Vinagenset,1.0,
2026-08,V. CƠ ĐIỆN — 2. Loại máy phát,CHP,Việt Nam,0.0,
2026-08,V. CƠ ĐIỆN — 2. Loại máy phát,CHP,Yanmar - 8kVA,0.0,
2026-08,V. CƠ ĐIỆN — 2. Loại máy phát,DTG,3Tech (LionRock) - 8kVA,10.0,
2026-08,V. CƠ ĐIỆN — 2. Loại máy phát,DTG,CaPO - 30kVA,0.0,
2026-08,V. CƠ ĐIỆN — 2. Loại máy phát,DTG,Cummins - 30kVA,0.0,
2026-08,V. CƠ ĐIỆN — 2. Loại máy phát,DTG,Denyo - 16kVA,0.0,
2026-08,V. CƠ ĐIỆN — 2. Loại máy phát,DTG,Dzima - 30kvA,2.0,
2026-08,V. CƠ ĐIỆN — 2. Loại máy phát,DTG,Elemax - 12kVA,0.0,
2026-08,V. CƠ ĐIỆN — 2. Loại máy phát,DTG,"Fujian Weiman Power Technology Co., Ltd",0.0,
2026-08,V. CƠ ĐIỆN — 2. Loại máy phát,DTG,Hòa Bình,3.0,
2026-08,V. CƠ ĐIỆN — 2. Loại máy phát,DTG,Hữu Toàn,9.0,
2026-08,V. CƠ ĐIỆN — 2. Loại máy phát,DTG,Kim Bình,3.0,
2026-08,V. CƠ ĐIỆN — 2. Loại máy phát,DTG,Kirloskar - 12kVA,0.0,
2026-08,V. CƠ ĐIỆN — 2. Loại máy phát,DTG,Kyo,12.0,
2026-08,V. CƠ ĐIỆN — 2. Loại máy phát,DTG,Lister Petter,0.0,
2026-08,V. CƠ ĐIỆN — 2. Loại máy phát,DTG,Ningde Excel Power,0.0,
2026-08,V. CƠ ĐIỆN — 2. Loại máy phát,DTG,Ningde Power Excel,0.0,
2026-08,V. CƠ ĐIỆN — 2. Loại máy phát,DTG,Pramac,0.0,
2026-08,V. CƠ ĐIỆN — 2. Loại máy phát,DTG,Số máy,64.0,
2026-08,V. CƠ ĐIỆN — 2. Loại máy phát,DTG,Thiên Hòa An,25.0,
2026-08,V. CƠ ĐIỆN — 2. Loại máy phát,DTG,Trạm BTS tính lương,146.0,
2026-08,V. CƠ ĐIỆN — 2. Loại máy phát,DTG,Vinagenset,0.0,
2026-08,V. CƠ ĐIỆN — 2. Loại máy phát,DTG,Việt Nam,0.0,
2026-08,V. CƠ ĐIỆN — 2. Loại máy phát,DTG,Yanmar - 8kVA,0.0,
2026-08,V. CƠ ĐIỆN — 2. Loại máy phát,HTM,3Tech (LionRock) - 8kVA,18.0,
2026-08,V. CƠ ĐIỆN — 2. Loại máy phát,HTM,CaPO - 30kVA,0.0,
2026-08,V. CƠ ĐIỆN — 2. Loại máy phát,HTM,Cummins - 30kVA,0.0,
2026-08,V. CƠ ĐIỆN — 2. Loại máy phát,HTM,Denyo - 16kVA,0.0,
2026-08,V. CƠ ĐIỆN — 2. Loại máy phát,HTM,Dzima - 30kvA,0.0,
2026-08,V. CƠ ĐIỆN — 2. Loại máy phát,HTM,Elemax - 12kVA,3.0,
2026-08,V. CƠ ĐIỆN — 2. Loại máy phát,HTM,"Fujian Weiman Power Technology Co., Ltd",0.0,
2026-08,V. CƠ ĐIỆN — 2. Loại máy phát,HTM,Hòa Bình,0.0,
2026-08,V. CƠ ĐIỆN — 2. Loại máy phát,HTM,Hữu Toàn,29.0,
2026-08,V. CƠ ĐIỆN — 2. Loại máy phát,HTM,Kim Bình,17.0,
2026-08,V. CƠ ĐIỆN — 2. Loại máy phát,HTM,Kirloskar - 12kVA,2.0,
2026-08,V. CƠ ĐIỆN — 2. Loại máy phát,HTM,Kyo,7.0,
2026-08,V. CƠ ĐIỆN — 2. Loại máy phát,HTM,Lister Petter,0.0,
2026-08,V. CƠ ĐIỆN — 2. Loại máy phát,HTM,Ningde Excel Power,0.0,
2026-08,V. CƠ ĐIỆN — 2. Loại máy phát,HTM,Ningde Power Excel,3.0,
2026-08,V. CƠ ĐIỆN — 2. Loại máy phát,HTM,Pramac,0.0,
2026-08,V. CƠ ĐIỆN — 2. Loại máy phát,HTM,Số máy,88.0,
2026-08,V. CƠ ĐIỆN — 2. Loại máy phát,HTM,Thiên Hòa An,9.0,
2026-08,V. CƠ ĐIỆN — 2. Loại máy phát,HTM,Trạm BTS tính lương,176.0,
2026-08,V. CƠ ĐIỆN — 2. Loại máy phát,HTM,Vinagenset,0.0,
2026-08,V. CƠ ĐIỆN — 2. Loại máy phát,HTM,Việt Nam,0.0,
2026-08,V. CƠ ĐIỆN — 2. Loại máy phát,HTM,Yanmar - 8kVA,0.0,
2026-08,V. CƠ ĐIỆN — 2. Loại máy phát,NGO,3Tech (LionRock) - 8kVA,9.0,
2026-08,V. CƠ ĐIỆN — 2. Loại máy phát,NGO,CaPO - 30kVA,0.0,
2026-08,V. CƠ ĐIỆN — 2. Loại máy phát,NGO,Cummins - 30kVA,0.0,
2026-08,V. CƠ ĐIỆN — 2. Loại máy phát,NGO,Denyo - 16kVA,0.0,
2026-08,V. CƠ ĐIỆN — 2. Loại máy phát,NGO,Dzima - 30kvA,2.0,
2026-08,V. CƠ ĐIỆN — 2. Loại máy phát,NGO,Elemax - 12kVA,3.0,
2026-08,V. CƠ ĐIỆN — 2. Loại máy phát,NGO,"Fujian Weiman Power Technology Co., Ltd",0.0,
2026-08,V. CƠ ĐIỆN — 2. Loại máy phát,NGO,Hòa Bình,0.0,
2026-08,V. CƠ ĐIỆN — 2. Loại máy phát,NGO,Hữu Toàn,16.0,
2026-08,V. CƠ ĐIỆN — 2. Loại máy phát,NGO,Kim Bình,10.0,
2026-08,V. CƠ ĐIỆN — 2. Loại máy phát,NGO,Kirloskar - 12kVA,1.0,
2026-08,V. CƠ ĐIỆN — 2. Loại máy phát,NGO,Kyo,4.0,
2026-08,V. CƠ ĐIỆN — 2. Loại máy phát,NGO,Lister Petter,1.0,
2026-08,V. CƠ ĐIỆN — 2. Loại máy phát,NGO,Ningde Excel Power,0.0,
2026-08,V. CƠ ĐIỆN — 2. Loại máy phát,NGO,Ningde Power Excel,4.0,
2026-08,V. CƠ ĐIỆN — 2. Loại máy phát,NGO,Pramac,0.0,
2026-08,V. CƠ ĐIỆN — 2. Loại máy phát,NGO,Số máy,52.0,
2026-08,V. CƠ ĐIỆN — 2. Loại máy phát,NGO,Thiên Hòa An,2.0,
2026-08,V. CƠ ĐIỆN — 2. Loại máy phát,NGO,Trạm BTS tính lương,121.0,
2026-08,V. CƠ ĐIỆN — 2. Loại máy phát,NGO,Vinagenset,0.0,
2026-08,V. CƠ ĐIỆN — 2. Loại máy phát,NGO,Việt Nam,0.0,
2026-08,V. CƠ ĐIỆN — 2. Loại máy phát,NGO,Yanmar - 8kVA,0.0,
2026-08,V. CƠ ĐIỆN — 2. Loại máy phát,PGO,3Tech (LionRock) - 8kVA,6.0,
2026-08,V. CƠ ĐIỆN — 2. Loại máy phát,PGO,CaPO - 30kVA,0.0,
2026-08,V. CƠ ĐIỆN — 2. Loại máy phát,PGO,Cummins - 30kVA,0.0,
2026-08,V. CƠ ĐIỆN — 2. Loại máy phát,PGO,Denyo - 16kVA,1.0,
2026-08,V. CƠ ĐIỆN — 2. Loại máy phát,PGO,Dzima - 30kvA,0.0,
2026-08,V. CƠ ĐIỆN — 2. Loại máy phát,PGO,Elemax - 12kVA,0.0,
2026-08,V. CƠ ĐIỆN — 2. Loại máy phát,PGO,"Fujian Weiman Power Technology Co., Ltd",0.0,
2026-08,V. CƠ ĐIỆN — 2. Loại máy phát,PGO,Hòa Bình,2.0,
2026-08,V. CƠ ĐIỆN — 2. Loại máy phát,PGO,Hữu Toàn,15.0,
2026-08,V. CƠ ĐIỆN — 2. Loại máy phát,PGO,Kim Bình,5.0,
2026-08,V. CƠ ĐIỆN — 2. Loại máy phát,PGO,Kirloskar - 12kVA,0.0,
2026-08,V. CƠ ĐIỆN — 2. Loại máy phát,PGO,Kyo,12.0,
2026-08,V. CƠ ĐIỆN — 2. Loại máy phát,PGO,Lister Petter,0.0,
2026-08,V. CƠ ĐIỆN — 2. Loại máy phát,PGO,Ningde Excel Power,1.0,
2026-08,V. CƠ ĐIỆN — 2. Loại máy phát,PGO,Ningde Power Excel,2.0,
2026-08,V. CƠ ĐIỆN — 2. Loại máy phát,PGO,Pramac,0.0,
2026-08,V. CƠ ĐIỆN — 2. Loại máy phát,PGO,Số máy,57.0,
2026-08,V. CƠ ĐIỆN — 2. Loại máy phát,PGO,Thiên Hòa An,13.0,
2026-08,V. CƠ ĐIỆN — 2. Loại máy phát,PGO,Trạm BTS tính lương,117.0,
2026-08,V. CƠ ĐIỆN — 2. Loại máy phát,PGO,Vinagenset,0.0,
2026-08,V. CƠ ĐIỆN — 2. Loại máy phát,PGO,Việt Nam,0.0,
2026-08,V. CƠ ĐIỆN — 2. Loại máy phát,PGO,Yanmar - 8kVA,0.0,
2026-08,V. CƠ ĐIỆN — 2. Loại máy phát,PMY,3Tech (LionRock) - 8kVA,8.0,
2026-08,V. CƠ ĐIỆN — 2. Loại máy phát,PMY,CaPO - 30kVA,0.0,
2026-08,V. CƠ ĐIỆN — 2. Loại máy phát,PMY,Cummins - 30kVA,1.0,
2026-08,V. CƠ ĐIỆN — 2. Loại máy phát,PMY,Denyo - 16kVA,0.0,
2026-08,V. CƠ ĐIỆN — 2. Loại máy phát,PMY,Dzima - 30kvA,1.0,
2026-08,V. CƠ ĐIỆN — 2. Loại máy phát,PMY,Elemax - 12kVA,2.0,
2026-08,V. CƠ ĐIỆN — 2. Loại máy phát,PMY,"Fujian Weiman Power Technology Co., Ltd",0.0,
2026-08,V. CƠ ĐIỆN — 2. Loại máy phát,PMY,Hòa Bình,0.0,
2026-08,V. CƠ ĐIỆN — 2. Loại máy phát,PMY,Hữu Toàn,18.0,
2026-08,V. CƠ ĐIỆN — 2. Loại máy phát,PMY,Kim Bình,2.0,
2026-08,V. CƠ ĐIỆN — 2. Loại máy phát,PMY,Kirloskar - 12kVA,0.0,
2026-08,V. CƠ ĐIỆN — 2. Loại máy phát,PMY,Kyo,6.0,
2026-08,V. CƠ ĐIỆN — 2. Loại máy phát,PMY,Lister Petter,0.0,
2026-08,V. CƠ ĐIỆN — 2. Loại máy phát,PMY,Ningde Excel Power,1.0,
2026-08,V. CƠ ĐIỆN — 2. Loại máy phát,PMY,Ningde Power Excel,1.0,
2026-08,V. CƠ ĐIỆN — 2. Loại máy phát,PMY,Pramac,0.0,
2026-08,V. CƠ ĐIỆN — 2. Loại máy phát,PMY,Số máy,48.0,
2026-08,V. CƠ ĐIỆN — 2. Loại máy phát,PMY,Thiên Hòa An,8.0,
2026-08,V. CƠ ĐIỆN — 2. Loại máy phát,PMY,Trạm BTS tính lương,186.0,
2026-08,V. CƠ ĐIỆN — 2. Loại máy phát,PMY,Vinagenset,0.0,
2026-08,V. CƠ ĐIỆN — 2. Loại máy phát,PMY,Việt Nam,0.0,
2026-08,V. CƠ ĐIỆN — 2. Loại máy phát,PMY,Yanmar - 8kVA,0.0,
2026-08,V. CƠ ĐIỆN — 2. Loại máy phát,TDH,3Tech (LionRock) - 8kVA,6.0,
2026-08,V. CƠ ĐIỆN — 2. Loại máy phát,TDH,CaPO - 30kVA,0.0,
2026-08,V. CƠ ĐIỆN — 2. Loại máy phát,TDH,Cummins - 30kVA,0.0,
2026-08,V. CƠ ĐIỆN — 2. Loại máy phát,TDH,Denyo - 16kVA,0.0,
2026-08,V. CƠ ĐIỆN — 2. Loại máy phát,TDH,Dzima - 30kvA,0.0,
2026-08,V. CƠ ĐIỆN — 2. Loại máy phát,TDH,Elemax - 12kVA,3.0,
2026-08,V. CƠ ĐIỆN — 2. Loại máy phát,TDH,"Fujian Weiman Power Technology Co., Ltd",0.0,
2026-08,V. CƠ ĐIỆN — 2. Loại máy phát,TDH,Hòa Bình,1.0,
2026-08,V. CƠ ĐIỆN — 2. Loại máy phát,TDH,Hữu Toàn,26.0,
2026-08,V. CƠ ĐIỆN — 2. Loại máy phát,TDH,Kim Bình,23.0,
2026-08,V. CƠ ĐIỆN — 2. Loại máy phát,TDH,Kirloskar - 12kVA,0.0,
2026-08,V. CƠ ĐIỆN — 2. Loại máy phát,TDH,Kyo,5.0,
2026-08,V. CƠ ĐIỆN — 2. Loại máy phát,TDH,Lister Petter,0.0,
2026-08,V. CƠ ĐIỆN — 2. Loại máy phát,TDH,Ningde Excel Power,5.0,
2026-08,V. CƠ ĐIỆN — 2. Loại máy phát,TDH,Ningde Power Excel,4.0,
2026-08,V. CƠ ĐIỆN — 2. Loại máy phát,TDH,Pramac,0.0,
2026-08,V. CƠ ĐIỆN — 2. Loại máy phát,TDH,Số máy,99.0,
2026-08,V. CƠ ĐIỆN — 2. Loại máy phát,TDH,Thiên Hòa An,26.0,
2026-08,V. CƠ ĐIỆN — 2. Loại máy phát,TDH,Trạm BTS tính lương,280.0,
2026-08,V. CƠ ĐIỆN — 2. Loại máy phát,TDH,Vinagenset,0.0,
2026-08,V. CƠ ĐIỆN — 2. Loại máy phát,TDH,Việt Nam,0.0,
2026-08,V. CƠ ĐIỆN — 2. Loại máy phát,TDH,Yanmar - 8kVA,0.0,
2026-08,V. CƠ ĐIỆN — 2. Loại máy phát,TGO,3Tech (LionRock) - 8kVA,10.0,
2026-08,V. CƠ ĐIỆN — 2. Loại máy phát,TGO,CaPO - 30kVA,1.0,
2026-08,V. CƠ ĐIỆN — 2. Loại máy phát,TGO,Cummins - 30kVA,2.0,
2026-08,V. CƠ ĐIỆN — 2. Loại máy phát,TGO,Denyo - 16kVA,0.0,
2026-08,V. CƠ ĐIỆN — 2. Loại máy phát,TGO,Dzima - 30kvA,1.0,
2026-08,V. CƠ ĐIỆN — 2. Loại máy phát,TGO,Elemax - 12kVA,3.0,
2026-08,V. CƠ ĐIỆN — 2. Loại máy phát,TGO,"Fujian Weiman Power Technology Co., Ltd",0.0,
2026-08,V. CƠ ĐIỆN — 2. Loại máy phát,TGO,Hòa Bình,4.0,
2026-08,V. CƠ ĐIỆN — 2. Loại máy phát,TGO,Hữu Toàn,46.0,
2026-08,V. CƠ ĐIỆN — 2. Loại máy phát,TGO,Kim Bình,29.0,
2026-08,V. CƠ ĐIỆN — 2. Loại máy phát,TGO,Kirloskar - 12kVA,3.0,
2026-08,V. CƠ ĐIỆN — 2. Loại máy phát,TGO,Kyo,13.0,
2026-08,V. CƠ ĐIỆN — 2. Loại máy phát,TGO,Lister Petter,3.0,
2026-08,V. CƠ ĐIỆN — 2. Loại máy phát,TGO,Ningde Excel Power,3.0,
2026-08,V. CƠ ĐIỆN — 2. Loại máy phát,TGO,Ningde Power Excel,11.0,
2026-08,V. CƠ ĐIỆN — 2. Loại máy phát,TGO,Pramac,0.0,
2026-08,V. CƠ ĐIỆN — 2. Loại máy phát,TGO,Số máy,159.0,
2026-08,V. CƠ ĐIỆN — 2. Loại máy phát,TGO,Thiên Hòa An,30.0,
2026-08,V. CƠ ĐIỆN — 2. Loại máy phát,TGO,Trạm BTS tính lương,437.0,
2026-08,V. CƠ ĐIỆN — 2. Loại máy phát,TGO,Vinagenset,0.0,
2026-08,V. CƠ ĐIỆN — 2. Loại máy phát,TGO,Việt Nam,0.0,
2026-08,V. CƠ ĐIỆN — 2. Loại máy phát,TGO,Yanmar - 8kVA,0.0,
2026-08,V. CƠ ĐIỆN — 2. Loại máy phát,THA,3Tech (LionRock) - 8kVA,9.0,
2026-08,V. CƠ ĐIỆN — 2. Loại máy phát,THA,CaPO - 30kVA,0.0,
2026-08,V. CƠ ĐIỆN — 2. Loại máy phát,THA,Cummins - 30kVA,0.0,
2026-08,V. CƠ ĐIỆN — 2. Loại máy phát,THA,Denyo - 16kVA,0.0,
2026-08,V. CƠ ĐIỆN — 2. Loại máy phát,THA,Dzima - 30kvA,5.0,
2026-08,V. CƠ ĐIỆN — 2. Loại máy phát,THA,Elemax - 12kVA,3.0,
2026-08,V. CƠ ĐIỆN — 2. Loại máy phát,THA,"Fujian Weiman Power Technology Co., Ltd",0.0,
2026-08,V. CƠ ĐIỆN — 2. Loại máy phát,THA,Hòa Bình,4.0,
2026-08,V. CƠ ĐIỆN — 2. Loại máy phát,THA,Hữu Toàn,27.0,
2026-08,V. CƠ ĐIỆN — 2. Loại máy phát,THA,Kim Bình,28.0,
2026-08,V. CƠ ĐIỆN — 2. Loại máy phát,THA,Kirloskar - 12kVA,3.0,
2026-08,V. CƠ ĐIỆN — 2. Loại máy phát,THA,Kyo,14.0,
2026-08,V. CƠ ĐIỆN — 2. Loại máy phát,THA,Lister Petter,0.0,
2026-08,V. CƠ ĐIỆN — 2. Loại máy phát,THA,Ningde Excel Power,5.0,
2026-08,V. CƠ ĐIỆN — 2. Loại máy phát,THA,Ningde Power Excel,5.0,
2026-08,V. CƠ ĐIỆN — 2. Loại máy phát,THA,Pramac,0.0,
2026-08,V. CƠ ĐIỆN — 2. Loại máy phát,THA,Số máy,136.0,
2026-08,V. CƠ ĐIỆN — 2. Loại máy phát,THA,Thiên Hòa An,31.0,
2026-08,V. CƠ ĐIỆN — 2. Loại máy phát,THA,Trạm BTS tính lương,493.0,
2026-08,V. CƠ ĐIỆN — 2. Loại máy phát,THA,Vinagenset,0.0,
2026-08,V. CƠ ĐIỆN — 2. Loại máy phát,THA,Việt Nam,0.0,
2026-08,V. CƠ ĐIỆN — 2. Loại máy phát,THA,Yanmar - 8kVA,1.0,
2026-08,V. CƠ ĐIỆN — 2. Loại máy phát,TTG,3Tech (LionRock) - 8kVA,6.0,
2026-08,V. CƠ ĐIỆN — 2. Loại máy phát,TTG,CaPO - 30kVA,1.0,
2026-08,V. CƠ ĐIỆN — 2. Loại máy phát,TTG,Cummins - 30kVA,0.0,
2026-08,V. CƠ ĐIỆN — 2. Loại máy phát,TTG,Denyo - 16kVA,0.0,
2026-08,V. CƠ ĐIỆN — 2. Loại máy phát,TTG,Dzima - 30kvA,1.0,
2026-08,V. CƠ ĐIỆN — 2. Loại máy phát,TTG,Elemax - 12kVA,1.0,
2026-08,V. CƠ ĐIỆN — 2. Loại máy phát,TTG,"Fujian Weiman Power Technology Co., Ltd",0.0,
2026-08,V. CƠ ĐIỆN — 2. Loại máy phát,TTG,Hòa Bình,0.0,
2026-08,V. CƠ ĐIỆN — 2. Loại máy phát,TTG,Hữu Toàn,21.0,
2026-08,V. CƠ ĐIỆN — 2. Loại máy phát,TTG,Kim Bình,28.0,
2026-08,V. CƠ ĐIỆN — 2. Loại máy phát,TTG,Kirloskar - 12kVA,0.0,
2026-08,V. CƠ ĐIỆN — 2. Loại máy phát,TTG,Kyo,1.0,
2026-08,V. CƠ ĐIỆN — 2. Loại máy phát,TTG,Lister Petter,0.0,
2026-08,V. CƠ ĐIỆN — 2. Loại máy phát,TTG,Ningde Excel Power,0.0,
2026-08,V. CƠ ĐIỆN — 2. Loại máy phát,TTG,Ningde Power Excel,0.0,
2026-08,V. CƠ ĐIỆN — 2. Loại máy phát,TTG,Pramac,0.0,
2026-08,V. CƠ ĐIỆN — 2. Loại máy phát,TTG,Số máy,64.0,
2026-08,V. CƠ ĐIỆN — 2. Loại máy phát,TTG,Thiên Hòa An,3.0,
2026-08,V. CƠ ĐIỆN — 2. Loại máy phát,TTG,Trạm BTS tính lương,331.0,
2026-08,V. CƠ ĐIỆN — 2. Loại máy phát,TTG,Vinagenset,0.0,
2026-08,V. CƠ ĐIỆN — 2. Loại máy phát,TTG,Việt Nam,1.0,
2026-08,V. CƠ ĐIỆN — 2. Loại máy phát,TTG,Yanmar - 8kVA,0.0,
2026-08,V. CƠ ĐIỆN — 2. Loại máy phát,TUN,3Tech (LionRock) - 8kVA,10.0,
2026-08,V. CƠ ĐIỆN — 2. Loại máy phát,TUN,CaPO - 30kVA,1.0,
2026-08,V. CƠ ĐIỆN — 2. Loại máy phát,TUN,Cummins - 30kVA,1.0,
2026-08,V. CƠ ĐIỆN — 2. Loại máy phát,TUN,Denyo - 16kVA,0.0,
2026-08,V. CƠ ĐIỆN — 2. Loại máy phát,TUN,Dzima - 30kvA,3.0,
2026-08,V. CƠ ĐIỆN — 2. Loại máy phát,TUN,Elemax - 12kVA,2.0,
2026-08,V. CƠ ĐIỆN — 2. Loại máy phát,TUN,"Fujian Weiman Power Technology Co., Ltd",0.0,
2026-08,V. CƠ ĐIỆN — 2. Loại máy phát,TUN,Hòa Bình,3.0,
2026-08,V. CƠ ĐIỆN — 2. Loại máy phát,TUN,Hữu Toàn,22.0,
2026-08,V. CƠ ĐIỆN — 2. Loại máy phát,TUN,Kim Bình,68.0,
2026-08,V. CƠ ĐIỆN — 2. Loại máy phát,TUN,Kirloskar - 12kVA,2.0,
2026-08,V. CƠ ĐIỆN — 2. Loại máy phát,TUN,Kyo,16.0,
2026-08,V. CƠ ĐIỆN — 2. Loại máy phát,TUN,Lister Petter,3.0,
2026-08,V. CƠ ĐIỆN — 2. Loại máy phát,TUN,Ningde Excel Power,3.0,
2026-08,V. CƠ ĐIỆN — 2. Loại máy phát,TUN,Ningde Power Excel,6.0,
2026-08,V. CƠ ĐIỆN — 2. Loại máy phát,TUN,Pramac,0.0,
2026-08,V. CƠ ĐIỆN — 2. Loại máy phát,TUN,Số máy,189.0,
2026-08,V. CƠ ĐIỆN — 2. Loại máy phát,TUN,Thiên Hòa An,42.0,
2026-08,V. CƠ ĐIỆN — 2. Loại máy phát,TUN,Trạm BTS tính lương,474.0,
2026-08,V. CƠ ĐIỆN — 2. Loại máy phát,TUN,Vinagenset,1.0,
2026-08,V. CƠ ĐIỆN — 2. Loại máy phát,TUN,Việt Nam,2.0,
2026-08,V. CƠ ĐIỆN — 2. Loại máy phát,TUN,Yanmar - 8kVA,2.0,
2026-08,V. CƠ ĐIỆN — 3. Công suất trạm,BRA,Công suất trạm - CS trạm 12kW-15kW,0.0,
2026-08,V. CƠ ĐIỆN — 3. Công suất trạm,BRA,Công suất trạm - CS trạm 15kW-20kW,0.0,
2026-08,V. CƠ ĐIỆN — 3. Công suất trạm,BRA,Công suất trạm - CS trạm 1kW-2KW,2.0,
2026-08,V. CƠ ĐIỆN — 3. Công suất trạm,BRA,Công suất trạm - CS trạm 2kW-4KW,144.0,
2026-08,V. CƠ ĐIỆN — 3. Công suất trạm,BRA,Công suất trạm - CS trạm 4kW-6KW,34.0,
2026-08,V. CƠ ĐIỆN — 3. Công suất trạm,BRA,Công suất trạm - Số máy 20kW-30kW,3.0,
2026-08,V. CƠ ĐIỆN — 3. Công suất trạm,BRA,"Công suất trạm - Số máy nổ 
10 - 12kW",1.0,
2026-08,V. CƠ ĐIỆN — 3. Công suất trạm,BRA,"Công suất trạm - Số máy nổ 
12 - 15kW",5.0,
2026-08,V. CƠ ĐIỆN — 3. Công suất trạm,BRA,"Công suất trạm - Số máy nổ 
8kW",33.0,
2026-08,V. CƠ ĐIỆN — 3. Công suất trạm,BRA,Công suất trạm - Số máy nổ <5.5kVA,12.0,
2026-08,V. CƠ ĐIỆN — 3. Công suất trạm,BRA,Số máy >=30kW,4.0,
2026-08,V. CƠ ĐIỆN — 3. Công suất trạm,BRA,Trạm BTS tính lương,172.0,
2026-08,V. CƠ ĐIỆN — 3. Công suất trạm,BRA,Từ 8-10KVA,33.0,
2026-08,V. CƠ ĐIỆN — 3. Công suất trạm,CDO,Công suất trạm - CS trạm 12kW-15kW,0.0,
2026-08,V. CƠ ĐIỆN — 3. Công suất trạm,CDO,Công suất trạm - CS trạm 15kW-20kW,0.0,
2026-08,V. CƠ ĐIỆN — 3. Công suất trạm,CDO,Công suất trạm - CS trạm 1kW-2KW,1.0,
2026-08,V. CƠ ĐIỆN — 3. Công suất trạm,CDO,Công suất trạm - CS trạm 2kW-4KW,41.0,
2026-08,V. CƠ ĐIỆN — 3. Công suất trạm,CDO,Công suất trạm - CS trạm 4kW-6KW,3.0,
2026-08,V. CƠ ĐIỆN — 3. Công suất trạm,CDO,Công suất trạm - Số máy 20kW-30kW,2.0,
2026-08,V. CƠ ĐIỆN — 3. Công suất trạm,CDO,"Công suất trạm - Số máy nổ 
10 - 12kW",0.0,
2026-08,V. CƠ ĐIỆN — 3. Công suất trạm,CDO,"Công suất trạm - Số máy nổ 
12 - 15kW",5.0,
2026-08,V. CƠ ĐIỆN — 3. Công suất trạm,CDO,"Công suất trạm - Số máy nổ 
8kW",8.0,
2026-08,V. CƠ ĐIỆN — 3. Công suất trạm,CDO,Công suất trạm - Số máy nổ <5.5kVA,1.0,
2026-08,V. CƠ ĐIỆN — 3. Công suất trạm,CDO,Số máy >=30kW,6.0,
2026-08,V. CƠ ĐIỆN — 3. Công suất trạm,CDO,Trạm BTS tính lương,40.0,
2026-08,V. CƠ ĐIỆN — 3. Công suất trạm,CDO,Từ 8-10KVA,8.0,
2026-08,V. CƠ ĐIỆN — 3. Công suất trạm,CHP,Công suất trạm - CS trạm 12kW-15kW,4.0,
2026-08,V. CƠ ĐIỆN — 3. Công suất trạm,CHP,Công suất trạm - CS trạm 15kW-20kW,0.0,
2026-08,V. CƠ ĐIỆN — 3. Công suất trạm,CHP,Công suất trạm - CS trạm 1kW-2KW,8.0,
2026-08,V. CƠ ĐIỆN — 3. Công suất trạm,CHP,Công suất trạm - CS trạm 2kW-4KW,294.0,
2026-08,V. CƠ ĐIỆN — 3. Công suất trạm,CHP,Công suất trạm - CS trạm 4kW-6KW,70.0,
2026-08,V. CƠ ĐIỆN — 3. Công suất trạm,CHP,Công suất trạm - Số máy 20kW-30kW,11.0,
2026-08,V. CƠ ĐIỆN — 3. Công suất trạm,CHP,"Công suất trạm - Số máy nổ 
10 - 12kW",6.0,
2026-08,V. CƠ ĐIỆN — 3. Công suất trạm,CHP,"Công suất trạm - Số máy nổ 
12 - 15kW",11.0,
2026-08,V. CƠ ĐIỆN — 3. Công suất trạm,CHP,"Công suất trạm - Số máy nổ 
8kW",43.0,
2026-08,V. CƠ ĐIỆN — 3. Công suất trạm,CHP,Công suất trạm - Số máy nổ <5.5kVA,2.0,
2026-08,V. CƠ ĐIỆN — 3. Công suất trạm,CHP,Lớn hơn 10KVA,17.0,
2026-08,V. CƠ ĐIỆN — 3. Công suất trạm,CHP,Số máy >=30kW,11.0,
2026-08,V. CƠ ĐIỆN — 3. Công suất trạm,CHP,Trạm BTS tính lương,328.0,
2026-08,V. CƠ ĐIỆN — 3. Công suất trạm,CHP,Từ 8-10KVA,43.0,
2026-08,V. CƠ ĐIỆN — 3. Công suất trạm,DTG,Công suất trạm - CS trạm 12kW-15kW,0.0,
2026-08,V. CƠ ĐIỆN — 3. Công suất trạm,DTG,Công suất trạm - CS trạm 15kW-20kW,0.0,
2026-08,V. CƠ ĐIỆN — 3. Công suất trạm,DTG,Công suất trạm - CS trạm 1kW-2KW,6.0,
2026-08,V. CƠ ĐIỆN — 3. Công suất trạm,DTG,Công suất trạm - CS trạm 2kW-4KW,106.0,
2026-08,V. CƠ ĐIỆN — 3. Công suất trạm,DTG,Công suất trạm - CS trạm 4kW-6KW,39.0,
2026-08,V. CƠ ĐIỆN — 3. Công suất trạm,DTG,Công suất trạm - Số máy 20kW-30kW,0.0,
2026-08,V. CƠ ĐIỆN — 3. Công suất trạm,DTG,"Công suất trạm - Số máy nổ 
10 - 12kW",1.0,
2026-08,V. CƠ ĐIỆN — 3. Công suất trạm,DTG,"Công suất trạm - Số máy nổ 
12 - 15kW",4.0,
2026-08,V. CƠ ĐIỆN — 3. Công suất trạm,DTG,"Công suất trạm - Số máy nổ 
8kW",41.0,
2026-08,V. CƠ ĐIỆN — 3. Công suất trạm,DTG,Công suất trạm - Số máy nổ <5.5kVA,0.0,
2026-08,V. CƠ ĐIỆN — 3. Công suất trạm,DTG,Số máy >=30kW,3.0,
2026-08,V. CƠ ĐIỆN — 3. Công suất trạm,DTG,Trạm BTS tính lương,146.0,
2026-08,V. CƠ ĐIỆN — 3. Công suất trạm,DTG,Từ 8-10KVA,41.0,
2026-08,V. CƠ ĐIỆN — 3. Công suất trạm,HTM,Công suất trạm - CS trạm 12kW-15kW,0.0,
2026-08,V. CƠ ĐIỆN — 3. Công suất trạm,HTM,Công suất trạm - CS trạm 15kW-20kW,0.0,
2026-08,V. CƠ ĐIỆN — 3. Công suất trạm,HTM,Công suất trạm - CS trạm 1kW-2KW,1.0,
2026-08,V. CƠ ĐIỆN — 3. Công suất trạm,HTM,Công suất trạm - CS trạm 2kW-4KW,144.0,
2026-08,V. CƠ ĐIỆN — 3. Công suất trạm,HTM,Công suất trạm - CS trạm 4kW-6KW,29.0,
2026-08,V. CƠ ĐIỆN — 3. Công suất trạm,HTM,Công suất trạm - Số máy 20kW-30kW,6.0,
2026-08,V. CƠ ĐIỆN — 3. Công suất trạm,HTM,"Công suất trạm - Số máy nổ 
10 - 12kW",2.0,
2026-08,V. CƠ ĐIỆN — 3. Công suất trạm,HTM,"Công suất trạm - Số máy nổ 
12 - 15kW",4.0,
2026-08,V. CƠ ĐIỆN — 3. Công suất trạm,HTM,"Công suất trạm - Số máy nổ 
8kW",43.0,
2026-08,V. CƠ ĐIỆN — 3. Công suất trạm,HTM,Công suất trạm - Số máy nổ <5.5kVA,6.0,
2026-08,V. CƠ ĐIỆN — 3. Công suất trạm,HTM,Số máy >=30kW,2.0,
2026-08,V. CƠ ĐIỆN — 3. Công suất trạm,HTM,Trạm BTS tính lương,176.0,
2026-08,V. CƠ ĐIỆN — 3. Công suất trạm,HTM,Từ 8-10KVA,43.0,
2026-08,V. CƠ ĐIỆN — 3. Công suất trạm,NGO,Công suất trạm - CS trạm 12kW-15kW,0.0,
2026-08,V. CƠ ĐIỆN — 3. Công suất trạm,NGO,Công suất trạm - CS trạm 15kW-20kW,0.0,
2026-08,V. CƠ ĐIỆN — 3. Công suất trạm,NGO,Công suất trạm - CS trạm 1kW-2KW,1.0,
2026-08,V. CƠ ĐIỆN — 3. Công suất trạm,NGO,Công suất trạm - CS trạm 2kW-4KW,166.0,
2026-08,V. CƠ ĐIỆN — 3. Công suất trạm,NGO,Công suất trạm - CS trạm 4kW-6KW,16.0,
2026-08,V. CƠ ĐIỆN — 3. Công suất trạm,NGO,Công suất trạm - Số máy 20kW-30kW,7.0,
2026-08,V. CƠ ĐIỆN — 3. Công suất trạm,NGO,"Công suất trạm - Số máy nổ 
10 - 12kW",1.0,
2026-08,V. CƠ ĐIỆN — 3. Công suất trạm,NGO,"Công suất trạm - Số máy nổ 
12 - 15kW",1.0,
2026-08,V. CƠ ĐIỆN — 3. Công suất trạm,NGO,"Công suất trạm - Số máy nổ 
8kW",20.0,
2026-08,V. CƠ ĐIỆN — 3. Công suất trạm,NGO,Công suất trạm - Số máy nổ <5.5kVA,8.0,
2026-08,V. CƠ ĐIỆN — 3. Công suất trạm,NGO,Số máy >=30kW,7.0,
2026-08,V. CƠ ĐIỆN — 3. Công suất trạm,NGO,Trạm BTS tính lương,121.0,
2026-08,V. CƠ ĐIỆN — 3. Công suất trạm,NGO,Từ 8-10KVA,20.0,
2026-08,V. CƠ ĐIỆN — 3. Công suất trạm,PGO,Công suất trạm - CS trạm 12kW-15kW,0.0,
2026-08,V. CƠ ĐIỆN — 3. Công suất trạm,PGO,Công suất trạm - CS trạm 15kW-20kW,1.0,
2026-08,V. CƠ ĐIỆN — 3. Công suất trạm,PGO,Công suất trạm - CS trạm 1kW-2KW,2.0,
2026-08,V. CƠ ĐIỆN — 3. Công suất trạm,PGO,Công suất trạm - CS trạm 2kW-4KW,76.0,
2026-08,V. CƠ ĐIỆN — 3. Công suất trạm,PGO,Công suất trạm - CS trạm 4kW-6KW,27.0,
2026-08,V. CƠ ĐIỆN — 3. Công suất trạm,PGO,Công suất trạm - Số máy 20kW-30kW,2.0,
2026-08,V. CƠ ĐIỆN — 3. Công suất trạm,PGO,"Công suất trạm - Số máy nổ 
10 - 12kW",2.0,
2026-08,V. CƠ ĐIỆN — 3. Công suất trạm,PGO,"Công suất trạm - Số máy nổ 
12 - 15kW",5.0,
2026-08,V. CƠ ĐIỆN — 3. Công suất trạm,PGO,"Công suất trạm - Số máy nổ 
8kW",24.0,
2026-08,V. CƠ ĐIỆN — 3. Công suất trạm,PGO,Công suất trạm - Số máy nổ <5.5kVA,2.0,
2026-08,V. CƠ ĐIỆN — 3. Công suất trạm,PGO,Số máy >=30kW,2.0,
2026-08,V. CƠ ĐIỆN — 3. Công suất trạm,PGO,Trạm BTS tính lương,117.0,
2026-08,V. CƠ ĐIỆN — 3. Công suất trạm,PGO,Từ 8-10KVA,24.0,
2026-08,V. CƠ ĐIỆN — 3. Công suất trạm,PMY,Công suất trạm - CS trạm 12kW-15kW,0.0,
2026-08,V. CƠ ĐIỆN — 3. Công suất trạm,PMY,Công suất trạm - CS trạm 15kW-20kW,0.0,
2026-08,V. CƠ ĐIỆN — 3. Công suất trạm,PMY,Công suất trạm - CS trạm 1kW-2KW,2.0,
2026-08,V. CƠ ĐIỆN — 3. Công suất trạm,PMY,Công suất trạm - CS trạm 2kW-4KW,85.0,
2026-08,V. CƠ ĐIỆN — 3. Công suất trạm,PMY,Công suất trạm - CS trạm 4kW-6KW,24.0,
2026-08,V. CƠ ĐIỆN — 3. Công suất trạm,PMY,Công suất trạm - Số máy 20kW-30kW,1.0,
2026-08,V. CƠ ĐIỆN — 3. Công suất trạm,PMY,"Công suất trạm - Số máy nổ 
10 - 12kW",2.0,
2026-08,V. CƠ ĐIỆN — 3. Công suất trạm,PMY,"Công suất trạm - Số máy nổ 
12 - 15kW",1.0,
2026-08,V. CƠ ĐIỆN — 3. Công suất trạm,PMY,"Công suất trạm - Số máy nổ 
8kW",25.0,
2026-08,V. CƠ ĐIỆN — 3. Công suất trạm,PMY,Công suất trạm - Số máy nổ <5.5kVA,7.0,
2026-08,V. CƠ ĐIỆN — 3. Công suất trạm,PMY,Số máy >=30kW,2.0,
2026-08,V. CƠ ĐIỆN — 3. Công suất trạm,PMY,Trạm BTS tính lương,186.0,
2026-08,V. CƠ ĐIỆN — 3. Công suất trạm,PMY,Từ 8-10KVA,25.0,
2026-08,V. CƠ ĐIỆN — 3. Công suất trạm,TDH,Công suất trạm - CS trạm 12kW-15kW,4.0,
2026-08,V. CƠ ĐIỆN — 3. Công suất trạm,TDH,Công suất trạm - CS trạm 15kW-20kW,0.0,
2026-08,V. CƠ ĐIỆN — 3. Công suất trạm,TDH,Công suất trạm - CS trạm 1kW-2KW,13.0,
2026-08,V. CƠ ĐIỆN — 3. Công suất trạm,TDH,Công suất trạm - CS trạm 2kW-4KW,269.0,
2026-08,V. CƠ ĐIỆN — 3. Công suất trạm,TDH,Công suất trạm - CS trạm 4kW-6KW,56.0,
2026-08,V. CƠ ĐIỆN — 3. Công suất trạm,TDH,Công suất trạm - Số máy 20kW-30kW,19.0,
2026-08,V. CƠ ĐIỆN — 3. Công suất trạm,TDH,"Công suất trạm - Số máy nổ 
10 - 12kW",2.0,
2026-08,V. CƠ ĐIỆN — 3. Công suất trạm,TDH,"Công suất trạm - Số máy nổ 
12 - 15kW",11.0,
2026-08,V. CƠ ĐIỆN — 3. Công suất trạm,TDH,"Công suất trạm - Số máy nổ 
8kW",36.0,
2026-08,V. CƠ ĐIỆN — 3. Công suất trạm,TDH,Công suất trạm - Số máy nổ <5.5kVA,1.0,
2026-08,V. CƠ ĐIỆN — 3. Công suất trạm,TDH,Số máy >=30kW,8.0,
2026-08,V. CƠ ĐIỆN — 3. Công suất trạm,TDH,Trạm BTS tính lương,280.0,
2026-08,V. CƠ ĐIỆN — 3. Công suất trạm,TDH,Từ 8-10KVA,36.0,
2026-08,V. CƠ ĐIỆN — 3. Công suất trạm,TGO,Công suất trạm - CS trạm 12kW-15kW,9.0,
2026-08,V. CƠ ĐIỆN — 3. Công suất trạm,TGO,Công suất trạm - CS trạm 15kW-20kW,1.0,
2026-08,V. CƠ ĐIỆN — 3. Công suất trạm,TGO,Công suất trạm - CS trạm 1kW-2KW,4.0,
2026-08,V. CƠ ĐIỆN — 3. Công suất trạm,TGO,Công suất trạm - CS trạm 2kW-4KW,366.0,
2026-08,V. CƠ ĐIỆN — 3. Công suất trạm,TGO,Công suất trạm - CS trạm 4kW-6KW,57.0,
2026-08,V. CƠ ĐIỆN — 3. Công suất trạm,TGO,Công suất trạm - Số máy 20kW-30kW,34.0,
2026-08,V. CƠ ĐIỆN — 3. Công suất trạm,TGO,"Công suất trạm - Số máy nổ 
10 - 12kW",10.0,
2026-08,V. CƠ ĐIỆN — 3. Công suất trạm,TGO,"Công suất trạm - Số máy nổ 
12 - 15kW",16.0,
2026-08,V. CƠ ĐIỆN — 3. Công suất trạm,TGO,"Công suất trạm - Số máy nổ 
8kW",45.0,
2026-08,V. CƠ ĐIỆN — 3. Công suất trạm,TGO,Công suất trạm - Số máy nổ <5.5kVA,3.0,
2026-08,V. CƠ ĐIỆN — 3. Công suất trạm,TGO,Số máy >=30kW,17.0,
2026-08,V. CƠ ĐIỆN — 3. Công suất trạm,TGO,Trạm BTS tính lương,437.0,
2026-08,V. CƠ ĐIỆN — 3. Công suất trạm,TGO,Từ 8-10KVA,45.0,
2026-08,V. CƠ ĐIỆN — 3. Công suất trạm,THA,Công suất trạm - CS trạm 12kW-15kW,4.0,
2026-08,V. CƠ ĐIỆN — 3. Công suất trạm,THA,Công suất trạm - CS trạm 15kW-20kW,4.0,
2026-08,V. CƠ ĐIỆN — 3. Công suất trạm,THA,Công suất trạm - CS trạm 1kW-2KW,10.0,
2026-08,V. CƠ ĐIỆN — 3. Công suất trạm,THA,Công suất trạm - CS trạm 2kW-4KW,357.0,
2026-08,V. CƠ ĐIỆN — 3. Công suất trạm,THA,Công suất trạm - CS trạm 4kW-6KW,72.0,
2026-08,V. CƠ ĐIỆN — 3. Công suất trạm,THA,Công suất trạm - Số máy 20kW-30kW,23.0,
2026-08,V. CƠ ĐIỆN — 3. Công suất trạm,THA,"Công suất trạm - Số máy nổ 
10 - 12kW",9.0,
2026-08,V. CƠ ĐIỆN — 3. Công suất trạm,THA,"Công suất trạm - Số máy nổ 
12 - 15kW",20.0,
2026-08,V. CƠ ĐIỆN — 3. Công suất trạm,THA,"Công suất trạm - Số máy nổ 
8kW",44.0,
2026-08,V. CƠ ĐIỆN — 3. Công suất trạm,THA,Công suất trạm - Số máy nổ <5.5kVA,2.0,
2026-08,V. CƠ ĐIỆN — 3. Công suất trạm,THA,Số máy >=30kW,16.0,
2026-08,V. CƠ ĐIỆN — 3. Công suất trạm,THA,Trạm BTS tính lương,493.0,
2026-08,V. CƠ ĐIỆN — 3. Công suất trạm,THA,Từ 8-10KVA,44.0,
2026-08,V. CƠ ĐIỆN — 3. Công suất trạm,TTG,Công suất trạm - CS trạm 12kW-15kW,0.0,
2026-08,V. CƠ ĐIỆN — 3. Công suất trạm,TTG,Công suất trạm - CS trạm 15kW-20kW,1.0,
2026-08,V. CƠ ĐIỆN — 3. Công suất trạm,TTG,Công suất trạm - CS trạm 1kW-2KW,2.0,
2026-08,V. CƠ ĐIỆN — 3. Công suất trạm,TTG,Công suất trạm - CS trạm 2kW-4KW,317.0,
2026-08,V. CƠ ĐIỆN — 3. Công suất trạm,TTG,Công suất trạm - CS trạm 4kW-6KW,62.0,
2026-08,V. CƠ ĐIỆN — 3. Công suất trạm,TTG,Công suất trạm - Số máy 20kW-30kW,13.0,
2026-08,V. CƠ ĐIỆN — 3. Công suất trạm,TTG,"Công suất trạm - Số máy nổ 
10 - 12kW",1.0,
2026-08,V. CƠ ĐIỆN — 3. Công suất trạm,TTG,"Công suất trạm - Số máy nổ 
12 - 15kW",0.0,
2026-08,V. CƠ ĐIỆN — 3. Công suất trạm,TTG,"Công suất trạm - Số máy nổ 
8kW",29.0,
2026-08,V. CƠ ĐIỆN — 3. Công suất trạm,TTG,Công suất trạm - Số máy nổ <5.5kVA,3.0,
2026-08,V. CƠ ĐIỆN — 3. Công suất trạm,TTG,Số máy >=30kW,7.0,
2026-08,V. CƠ ĐIỆN — 3. Công suất trạm,TTG,Trạm BTS tính lương,331.0,
2026-08,V. CƠ ĐIỆN — 3. Công suất trạm,TTG,Từ 8-10KVA,29.0,
2026-08,V. CƠ ĐIỆN — 3. Công suất trạm,TUN,Công suất trạm - CS trạm 12kW-15kW,6.0,
2026-08,V. CƠ ĐIỆN — 3. Công suất trạm,TUN,Công suất trạm - CS trạm 15kW-20kW,0.0,
2026-08,V. CƠ ĐIỆN — 3. Công suất trạm,TUN,Công suất trạm - CS trạm 1kW-2KW,5.0,
2026-08,V. CƠ ĐIỆN — 3. Công suất trạm,TUN,Công suất trạm - CS trạm 2kW-4KW,345.0,
2026-08,V. CƠ ĐIỆN — 3. Công suất trạm,TUN,Công suất trạm - CS trạm 4kW-6KW,60.0,
2026-08,V. CƠ ĐIỆN — 3. Công suất trạm,TUN,Công suất trạm - Số máy 20kW-30kW,38.0,
2026-08,V. CƠ ĐIỆN — 3. Công suất trạm,TUN,"Công suất trạm - Số máy nổ 
10 - 12kW",24.0,
2026-08,V. CƠ ĐIỆN — 3. Công suất trạm,TUN,"Công suất trạm - Số máy nổ 
12 - 15kW",22.0,
2026-08,V. CƠ ĐIỆN — 3. Công suất trạm,TUN,"Công suất trạm - Số máy nổ 
8kW",49.0,
2026-08,V. CƠ ĐIỆN — 3. Công suất trạm,TUN,Công suất trạm - Số máy nổ <5.5kVA,0.0,
2026-08,V. CƠ ĐIỆN — 3. Công suất trạm,TUN,Số máy >=30kW,30.0,
2026-08,V. CƠ ĐIỆN — 3. Công suất trạm,TUN,Trạm BTS tính lương,474.0,
2026-08,V. CƠ ĐIỆN — 3. Công suất trạm,TUN,Từ 8-10KVA,49.0,
2026-08,V. CƠ ĐIỆN — 4. Ắc quy,BRA,Chì - BSB,0.0,
2026-08,V. CƠ ĐIỆN — 4. Ắc quy,BRA,Chì - Haze,0.0,
2026-08,V. CƠ ĐIỆN — 4. Ắc quy,BRA,Chì - Narada,13.0,
2026-08,V. CƠ ĐIỆN — 4. Ắc quy,BRA,Chì - SACRED SUN,0.0,
2026-08,V. CƠ ĐIỆN — 4. Ắc quy,BRA,Chì - Shoto,0.0,
2026-08,V. CƠ ĐIỆN — 4. Ắc quy,BRA,Chì - Tổng Chì,18.0,
2026-08,V. CƠ ĐIỆN — 4. Ắc quy,BRA,LIB - Coslight,107.0,
2026-08,V. CƠ ĐIỆN — 4. Ắc quy,BRA,LIB - Huawei,24.0,
2026-08,V. CƠ ĐIỆN — 4. Ắc quy,BRA,LIB - Shoto,105.0,
2026-08,V. CƠ ĐIỆN — 4. Ắc quy,BRA,LIB - Tổng LIB,474.0,
2026-08,V. CƠ ĐIỆN — 4. Ắc quy,BRA,LIB - ZTT,150.0,
2026-08,V. CƠ ĐIỆN — 4. Ắc quy,BRA,LIB - ZTT_2020,72.0,
2026-08,V. CƠ ĐIỆN — 4. Ắc quy,BRA,Trạm BTS tính lương,172.0,
2026-08,V. CƠ ĐIỆN — 4. Ắc quy,CDO,Chì - BSB,0.0,
2026-08,V. CƠ ĐIỆN — 4. Ắc quy,CDO,Chì - Haze,0.0,
2026-08,V. CƠ ĐIỆN — 4. Ắc quy,CDO,Chì - Narada,3.0,
2026-08,V. CƠ ĐIỆN — 4. Ắc quy,CDO,Chì - SACRED SUN,0.0,
2026-08,V. CƠ ĐIỆN — 4. Ắc quy,CDO,Chì - Shoto,0.0,
2026-08,V. CƠ ĐIỆN — 4. Ắc quy,CDO,Chì - Tổng Chì,3.0,
2026-08,V. CƠ ĐIỆN — 4. Ắc quy,CDO,LIB - Coslight,8.0,
2026-08,V. CƠ ĐIỆN — 4. Ắc quy,CDO,LIB - Huawei,34.0,
2026-08,V. CƠ ĐIỆN — 4. Ắc quy,CDO,LIB - Shoto,32.0,
2026-08,V. CƠ ĐIỆN — 4. Ắc quy,CDO,LIB - Tổng LIB,225.0,
2026-08,V. CƠ ĐIỆN — 4. Ắc quy,CDO,LIB - ZTT,123.0,
2026-08,V. CƠ ĐIỆN — 4. Ắc quy,CDO,LIB - ZTT_2020,16.0,
2026-08,V. CƠ ĐIỆN — 4. Ắc quy,CDO,Trạm BTS tính lương,40.0,
2026-08,V. CƠ ĐIỆN — 4. Ắc quy,CHP,Chì - BSB,0.0,
2026-08,V. CƠ ĐIỆN — 4. Ắc quy,CHP,Chì - Haze,0.0,
2026-08,V. CƠ ĐIỆN — 4. Ắc quy,CHP,Chì - Narada,0.0,
2026-08,V. CƠ ĐIỆN — 4. Ắc quy,CHP,Chì - SACRED SUN,4.0,
2026-08,V. CƠ ĐIỆN — 4. Ắc quy,CHP,Chì - Shoto,0.0,
2026-08,V. CƠ ĐIỆN — 4. Ắc quy,CHP,Chì - Tổng Chì,4.0,
2026-08,V. CƠ ĐIỆN — 4. Ắc quy,CHP,LIB - Coslight,207.0,
2026-08,V. CƠ ĐIỆN — 4. Ắc quy,CHP,LIB - Huawei,28.0,
2026-08,V. CƠ ĐIỆN — 4. Ắc quy,CHP,LIB - Shoto,254.0,
2026-08,V. CƠ ĐIỆN — 4. Ắc quy,CHP,LIB - Tổng LIB,924.0,
2026-08,V. CƠ ĐIỆN — 4. Ắc quy,CHP,LIB - ZTT,222.0,
2026-08,V. CƠ ĐIỆN — 4. Ắc quy,CHP,LIB - ZTT_2020,169.0,
2026-08,V. CƠ ĐIỆN — 4. Ắc quy,CHP,Trạm BTS tính lương,328.0,
2026-08,V. CƠ ĐIỆN — 4. Ắc quy,DTG,Chì - BSB,0.0,
2026-08,V. CƠ ĐIỆN — 4. Ắc quy,DTG,Chì - Haze,0.0,
2026-08,V. CƠ ĐIỆN — 4. Ắc quy,DTG,Chì - Narada,0.0,
2026-08,V. CƠ ĐIỆN — 4. Ắc quy,DTG,Chì - SACRED SUN,0.0,
2026-08,V. CƠ ĐIỆN — 4. Ắc quy,DTG,Chì - Shoto,0.0,
2026-08,V. CƠ ĐIỆN — 4. Ắc quy,DTG,Chì - Tổng Chì,0.0,
2026-08,V. CƠ ĐIỆN — 4. Ắc quy,DTG,LIB - Coslight,61.0,
2026-08,V. CƠ ĐIỆN — 4. Ắc quy,DTG,LIB - Huawei,6.0,
2026-08,V. CƠ ĐIỆN — 4. Ắc quy,DTG,LIB - Shoto,46.0,
2026-08,V. CƠ ĐIỆN — 4. Ắc quy,DTG,LIB - Tổng LIB,240.0,
2026-08,V. CƠ ĐIỆN — 4. Ắc quy,DTG,LIB - ZTT,36.0,
2026-08,V. CƠ ĐIỆN — 4. Ắc quy,DTG,LIB - ZTT_2020,75.0,
2026-08,V. CƠ ĐIỆN — 4. Ắc quy,DTG,Trạm BTS tính lương,146.0,
2026-08,V. CƠ ĐIỆN — 4. Ắc quy,HTM,Chì - BSB,0.0,
2026-08,V. CƠ ĐIỆN — 4. Ắc quy,HTM,Chì - Haze,0.0,
2026-08,V. CƠ ĐIỆN — 4. Ắc quy,HTM,Chì - Narada,0.0,
2026-08,V. CƠ ĐIỆN — 4. Ắc quy,HTM,Chì - SACRED SUN,0.0,
2026-08,V. CƠ ĐIỆN — 4. Ắc quy,HTM,Chì - Shoto,2.0,
2026-08,V. CƠ ĐIỆN — 4. Ắc quy,HTM,Chì - Tổng Chì,2.0,
2026-08,V. CƠ ĐIỆN — 4. Ắc quy,HTM,LIB - Coslight,125.0,
2026-08,V. CƠ ĐIỆN — 4. Ắc quy,HTM,LIB - Huawei,5.0,
2026-08,V. CƠ ĐIỆN — 4. Ắc quy,HTM,LIB - Shoto,128.0,
2026-08,V. CƠ ĐIỆN — 4. Ắc quy,HTM,LIB - Tổng LIB,550.0,
2026-08,V. CƠ ĐIỆN — 4. Ắc quy,HTM,LIB - ZTT,106.0,
2026-08,V. CƠ ĐIỆN — 4. Ắc quy,HTM,LIB - ZTT_2020,150.0,
2026-08,V. CƠ ĐIỆN — 4. Ắc quy,HTM,Trạm BTS tính lương,176.0,
2026-08,V. CƠ ĐIỆN — 4. Ắc quy,NGO,Chì - BSB,0.0,
2026-08,V. CƠ ĐIỆN — 4. Ắc quy,NGO,Chì - Haze,0.0,
2026-08,V. CƠ ĐIỆN — 4. Ắc quy,NGO,Chì - Narada,11.0,
2026-08,V. CƠ ĐIỆN — 4. Ắc quy,NGO,Chì - SACRED SUN,0.0,
2026-08,V. CƠ ĐIỆN — 4. Ắc quy,NGO,Chì - Shoto,0.0,
2026-08,V. CƠ ĐIỆN — 4. Ắc quy,NGO,Chì - Tổng Chì,11.0,
2026-08,V. CƠ ĐIỆN — 4. Ắc quy,NGO,LIB - Coslight,105.0,
2026-08,V. CƠ ĐIỆN — 4. Ắc quy,NGO,LIB - Huawei,4.0,
2026-08,V. CƠ ĐIỆN — 4. Ắc quy,NGO,LIB - Shoto,153.0,
2026-08,V. CƠ ĐIỆN — 4. Ắc quy,NGO,LIB - Tổng LIB,524.0,
2026-08,V. CƠ ĐIỆN — 4. Ắc quy,NGO,LIB - ZTT,151.0,
2026-08,V. CƠ ĐIỆN — 4. Ắc quy,NGO,LIB - ZTT_2020,91.0,
2026-08,V. CƠ ĐIỆN — 4. Ắc quy,NGO,Trạm BTS tính lương,121.0,
2026-08,V. CƠ ĐIỆN — 4. Ắc quy,PGO,Chì - BSB,0.0,
2026-08,V. CƠ ĐIỆN — 4. Ắc quy,PGO,Chì - Haze,0.0,
2026-08,V. CƠ ĐIỆN — 4. Ắc quy,PGO,Chì - Narada,14.0,
2026-08,V. CƠ ĐIỆN — 4. Ắc quy,PGO,Chì - SACRED SUN,0.0,
2026-08,V. CƠ ĐIỆN — 4. Ắc quy,PGO,Chì - Shoto,0.0,
2026-08,V. CƠ ĐIỆN — 4. Ắc quy,PGO,Chì - Tổng Chì,14.0,
2026-08,V. CƠ ĐIỆN — 4. Ắc quy,PGO,LIB - Coslight,85.0,
2026-08,V. CƠ ĐIỆN — 4. Ắc quy,PGO,LIB - Huawei,0.0,
2026-08,V. CƠ ĐIỆN — 4. Ắc quy,PGO,LIB - Shoto,68.0,
2026-08,V. CƠ ĐIỆN — 4. Ắc quy,PGO,LIB - Tổng LIB,269.0,
2026-08,V. CƠ ĐIỆN — 4. Ắc quy,PGO,LIB - ZTT,27.0,
2026-08,V. CƠ ĐIỆN — 4. Ắc quy,PGO,LIB - ZTT_2020,72.0,
2026-08,V. CƠ ĐIỆN — 4. Ắc quy,PGO,Trạm BTS tính lương,117.0,
2026-08,V. CƠ ĐIỆN — 4. Ắc quy,PMY,Chì - BSB,0.0,
2026-08,V. CƠ ĐIỆN — 4. Ắc quy,PMY,Chì - Haze,0.0,
2026-08,V. CƠ ĐIỆN — 4. Ắc quy,PMY,Chì - Narada,8.0,
2026-08,V. CƠ ĐIỆN — 4. Ắc quy,PMY,Chì - SACRED SUN,0.0,
2026-08,V. CƠ ĐIỆN — 4. Ắc quy,PMY,Chì - Shoto,0.0,
2026-08,V. CƠ ĐIỆN — 4. Ắc quy,PMY,Chì - Tổng Chì,8.0,
2026-08,V. CƠ ĐIỆN — 4. Ắc quy,PMY,LIB - Coslight,75.0,
2026-08,V. CƠ ĐIỆN — 4. Ắc quy,PMY,LIB - Huawei,0.0,
2026-08,V. CƠ ĐIỆN — 4. Ắc quy,PMY,LIB - Shoto,88.0,
2026-08,V. CƠ ĐIỆN — 4. Ắc quy,PMY,LIB - Tổng LIB,356.0,
2026-08,V. CƠ ĐIỆN — 4. Ắc quy,PMY,LIB - ZTT,113.0,
2026-08,V. CƠ ĐIỆN — 4. Ắc quy,PMY,LIB - ZTT_2020,69.0,
2026-08,V. CƠ ĐIỆN — 4. Ắc quy,PMY,Trạm BTS tính lương,186.0,
2026-08,V. CƠ ĐIỆN — 4. Ắc quy,TDH,Chì - BSB,0.0,
2026-08,V. CƠ ĐIỆN — 4. Ắc quy,TDH,Chì - Haze,0.0,
2026-08,V. CƠ ĐIỆN — 4. Ắc quy,TDH,Chì - Narada,29.0,
2026-08,V. CƠ ĐIỆN — 4. Ắc quy,TDH,Chì - SACRED SUN,0.0,
2026-08,V. CƠ ĐIỆN — 4. Ắc quy,TDH,Chì - Shoto,2.0,
2026-08,V. CƠ ĐIỆN — 4. Ắc quy,TDH,Chì - Tổng Chì,31.0,
2026-08,V. CƠ ĐIỆN — 4. Ắc quy,TDH,LIB - Coslight,181.0,
2026-08,V. CƠ ĐIỆN — 4. Ắc quy,TDH,LIB - Huawei,15.0,
2026-08,V. CƠ ĐIỆN — 4. Ắc quy,TDH,LIB - Shoto,267.0,
2026-08,V. CƠ ĐIỆN — 4. Ắc quy,TDH,LIB - Tổng LIB,776.0,
2026-08,V. CƠ ĐIỆN — 4. Ắc quy,TDH,LIB - ZTT,72.0,
2026-08,V. CƠ ĐIỆN — 4. Ắc quy,TDH,LIB - ZTT_2020,233.0,
2026-08,V. CƠ ĐIỆN — 4. Ắc quy,TDH,Trạm BTS tính lương,280.0,
2026-08,V. CƠ ĐIỆN — 4. Ắc quy,TGO,Chì - BSB,1.0,
2026-08,V. CƠ ĐIỆN — 4. Ắc quy,TGO,Chì - Haze,0.0,
2026-08,V. CƠ ĐIỆN — 4. Ắc quy,TGO,Chì - Narada,29.0,
2026-08,V. CƠ ĐIỆN — 4. Ắc quy,TGO,Chì - SACRED SUN,8.0,
2026-08,V. CƠ ĐIỆN — 4. Ắc quy,TGO,Chì - Shoto,0.0,
2026-08,V. CƠ ĐIỆN — 4. Ắc quy,TGO,Chì - Tổng Chì,38.0,
2026-08,V. CƠ ĐIỆN — 4. Ắc quy,TGO,LIB - Coslight,255.0,
2026-08,V. CƠ ĐIỆN — 4. Ắc quy,TGO,LIB - Huawei,18.0,
2026-08,V. CƠ ĐIỆN — 4. Ắc quy,TGO,LIB - Shoto,381.0,
2026-08,V. CƠ ĐIỆN — 4. Ắc quy,TGO,LIB - Tổng LIB,1172.0,
2026-08,V. CƠ ĐIỆN — 4. Ắc quy,TGO,LIB - ZTT,141.0,
2026-08,V. CƠ ĐIỆN — 4. Ắc quy,TGO,LIB - ZTT_2020,339.0,
2026-08,V. CƠ ĐIỆN — 4. Ắc quy,TGO,Trạm BTS tính lương,437.0,
2026-08,V. CƠ ĐIỆN — 4. Ắc quy,THA,Chì - BSB,0.0,
2026-08,V. CƠ ĐIỆN — 4. Ắc quy,THA,Chì - Haze,0.0,
2026-08,V. CƠ ĐIỆN — 4. Ắc quy,THA,Chì - Narada,75.0,
2026-08,V. CƠ ĐIỆN — 4. Ắc quy,THA,Chì - SACRED SUN,0.0,
2026-08,V. CƠ ĐIỆN — 4. Ắc quy,THA,Chì - Shoto,0.0,
2026-08,V. CƠ ĐIỆN — 4. Ắc quy,THA,Chì - Tổng Chì,75.0,
2026-08,V. CƠ ĐIỆN — 4. Ắc quy,THA,LIB - Coslight,220.0,
2026-08,V. CƠ ĐIỆN — 4. Ắc quy,THA,LIB - Huawei,2.0,
2026-08,V. CƠ ĐIỆN — 4. Ắc quy,THA,LIB - Shoto,552.0,
2026-08,V. CƠ ĐIỆN — 4. Ắc quy,THA,LIB - Tổng LIB,1302.0,
2026-08,V. CƠ ĐIỆN — 4. Ắc quy,THA,LIB - ZTT,182.0,
2026-08,V. CƠ ĐIỆN — 4. Ắc quy,THA,LIB - ZTT_2020,331.0,
2026-08,V. CƠ ĐIỆN — 4. Ắc quy,THA,Trạm BTS tính lương,493.0,
2026-08,V. CƠ ĐIỆN — 4. Ắc quy,TTG,Chì - BSB,0.0,
2026-08,V. CƠ ĐIỆN — 4. Ắc quy,TTG,Chì - Haze,0.0,
2026-08,V. CƠ ĐIỆN — 4. Ắc quy,TTG,Chì - Narada,161.0,
2026-08,V. CƠ ĐIỆN — 4. Ắc quy,TTG,Chì - SACRED SUN,0.0,
2026-08,V. CƠ ĐIỆN — 4. Ắc quy,TTG,Chì - Shoto,23.0,
2026-08,V. CƠ ĐIỆN — 4. Ắc quy,TTG,Chì - Tổng Chì,200.0,
2026-08,V. CƠ ĐIỆN — 4. Ắc quy,TTG,LIB - Coslight,301.0,
2026-08,V. CƠ ĐIỆN — 4. Ắc quy,TTG,LIB - Huawei,55.0,
2026-08,V. CƠ ĐIỆN — 4. Ắc quy,TTG,LIB - Shoto,260.0,
2026-08,V. CƠ ĐIỆN — 4. Ắc quy,TTG,LIB - Tổng LIB,1031.0,
2026-08,V. CƠ ĐIỆN — 4. Ắc quy,TTG,LIB - ZTT,281.0,
2026-08,V. CƠ ĐIỆN — 4. Ắc quy,TTG,LIB - ZTT_2020,99.0,
2026-08,V. CƠ ĐIỆN — 4. Ắc quy,TTG,Trạm BTS tính lương,331.0,
2026-08,V. CƠ ĐIỆN — 4. Ắc quy,TUN,Chì - BSB,0.0,
2026-08,V. CƠ ĐIỆN — 4. Ắc quy,TUN,Chì - Haze,0.0,
2026-08,V. CƠ ĐIỆN — 4. Ắc quy,TUN,Chì - Narada,111.0,
2026-08,V. CƠ ĐIỆN — 4. Ắc quy,TUN,Chì - SACRED SUN,0.0,
2026-08,V. CƠ ĐIỆN — 4. Ắc quy,TUN,Chì - Shoto,0.0,
2026-08,V. CƠ ĐIỆN — 4. Ắc quy,TUN,Chì - Tổng Chì,111.0,
2026-08,V. CƠ ĐIỆN — 4. Ắc quy,TUN,LIB - Coslight,189.0,
2026-08,V. CƠ ĐIỆN — 4. Ắc quy,TUN,LIB - Huawei,8.0,
2026-08,V. CƠ ĐIỆN — 4. Ắc quy,TUN,LIB - Shoto,502.0,
2026-08,V. CƠ ĐIỆN — 4. Ắc quy,TUN,LIB - Tổng LIB,1183.0,
2026-08,V. CƠ ĐIỆN — 4. Ắc quy,TUN,LIB - ZTT,160.0,
2026-08,V. CƠ ĐIỆN — 4. Ắc quy,TUN,LIB - ZTT_2020,312.0,
2026-08,V. CƠ ĐIỆN — 4. Ắc quy,TUN,Trạm BTS tính lương,474.0,
2026-08,"VII. Thiết bị, CCDC, vật tư hiện có tại CNCT — Thống kê công dụng cụ chính Đang sử dụng",BRA,Can xăng (20l),,-
2026-08,"VII. Thiết bị, CCDC, vật tư hiện có tại CNCT — Thống kê công dụng cụ chính Đang sử dụng",BRA,Cưa máy,1.0,
2026-08,"VII. Thiết bị, CCDC, vật tư hiện có tại CNCT — Thống kê công dụng cụ chính Đang sử dụng",BRA,Dao cắt,8.0,
2026-08,"VII. Thiết bị, CCDC, vật tư hiện có tại CNCT — Thống kê công dụng cụ chính Đang sử dụng",BRA,Dép dọ,,-
2026-08,"VII. Thiết bị, CCDC, vật tư hiện có tại CNCT — Thống kê công dụng cụ chính Đang sử dụng",BRA,Máy hàn CĐBR,4.0,
2026-08,"VII. Thiết bị, CCDC, vật tư hiện có tại CNCT — Thống kê công dụng cụ chính Đang sử dụng",BRA,Máy hàn quang,2.0,
2026-08,"VII. Thiết bị, CCDC, vật tư hiện có tại CNCT — Thống kê công dụng cụ chính Đang sử dụng",BRA,Máy đo CĐBR,6.0,
2026-08,"VII. Thiết bị, CCDC, vật tư hiện có tại CNCT — Thống kê công dụng cụ chính Đang sử dụng",BRA,Máy đo quang OTDR,0.0,
2026-08,"VII. Thiết bị, CCDC, vật tư hiện có tại CNCT — Thống kê công dụng cụ chính Đang sử dụng",BRA,Máy đo điện trở đất,0.0,
2026-08,"VII. Thiết bị, CCDC, vật tư hiện có tại CNCT — Thống kê công dụng cụ chính Đang sử dụng",BRA,Mũ bảo hiểm,,-
2026-08,"VII. Thiết bị, CCDC, vật tư hiện có tại CNCT — Thống kê công dụng cụ chính Đang sử dụng",BRA,Phương tiện khác,,-
2026-08,"VII. Thiết bị, CCDC, vật tư hiện có tại CNCT — Thống kê công dụng cụ chính Đang sử dụng",BRA,Thang nhôm rút,12.0,
2026-08,"VII. Thiết bị, CCDC, vật tư hiện có tại CNCT — Thống kê công dụng cụ chính Đang sử dụng",BRA,Thiết bị soi sợi quang,11.0,
2026-08,"VII. Thiết bị, CCDC, vật tư hiện có tại CNCT — Thống kê công dụng cụ chính Đang sử dụng",BRA,Tổng số vị trí,172.0,
2026-08,"VII. Thiết bị, CCDC, vật tư hiện có tại CNCT — Thống kê công dụng cụ chính Đang sử dụng",BRA,Xe PS cơ động,,-
2026-08,"VII. Thiết bị, CCDC, vật tư hiện có tại CNCT — Thống kê công dụng cụ chính Đang sử dụng",BRA,Xe gầu,,-
2026-08,"VII. Thiết bị, CCDC, vật tư hiện có tại CNCT — Thống kê công dụng cụ chính Đang sử dụng",BRA,Xuồng/ ghe/cano,,-
2026-08,"VII. Thiết bị, CCDC, vật tư hiện có tại CNCT — Thống kê công dụng cụ chính Đang sử dụng",BRA,Áo mưa,,-
2026-08,"VII. Thiết bị, CCDC, vật tư hiện có tại CNCT — Thống kê công dụng cụ chính Đang sử dụng",BRA,Ô tô UCTT,1.0,
2026-08,"VII. Thiết bị, CCDC, vật tư hiện có tại CNCT — Thống kê công dụng cụ chính Đang sử dụng",BRA,Đèn pin,,-
2026-08,"VII. Thiết bị, CCDC, vật tư hiện có tại CNCT — Thống kê công dụng cụ chính Đang sử dụng",CDO,Can xăng (20l),,-
2026-08,"VII. Thiết bị, CCDC, vật tư hiện có tại CNCT — Thống kê công dụng cụ chính Đang sử dụng",CDO,Cưa máy,1.0,
2026-08,"VII. Thiết bị, CCDC, vật tư hiện có tại CNCT — Thống kê công dụng cụ chính Đang sử dụng",CDO,Dao cắt,3.0,
2026-08,"VII. Thiết bị, CCDC, vật tư hiện có tại CNCT — Thống kê công dụng cụ chính Đang sử dụng",CDO,Dép dọ,,-
2026-08,"VII. Thiết bị, CCDC, vật tư hiện có tại CNCT — Thống kê công dụng cụ chính Đang sử dụng",CDO,Máy hàn CĐBR,0.0,
2026-08,"VII. Thiết bị, CCDC, vật tư hiện có tại CNCT — Thống kê công dụng cụ chính Đang sử dụng",CDO,Máy hàn quang,1.0,
2026-08,"VII. Thiết bị, CCDC, vật tư hiện có tại CNCT — Thống kê công dụng cụ chính Đang sử dụng",CDO,Máy đo CĐBR,0.0,
2026-08,"VII. Thiết bị, CCDC, vật tư hiện có tại CNCT — Thống kê công dụng cụ chính Đang sử dụng",CDO,Máy đo quang OTDR,1.0,
2026-08,"VII. Thiết bị, CCDC, vật tư hiện có tại CNCT — Thống kê công dụng cụ chính Đang sử dụng",CDO,Máy đo điện trở đất,1.0,
2026-08,"VII. Thiết bị, CCDC, vật tư hiện có tại CNCT — Thống kê công dụng cụ chính Đang sử dụng",CDO,Mũ bảo hiểm,,-
2026-08,"VII. Thiết bị, CCDC, vật tư hiện có tại CNCT — Thống kê công dụng cụ chính Đang sử dụng",CDO,Phương tiện khác,,-
2026-08,"VII. Thiết bị, CCDC, vật tư hiện có tại CNCT — Thống kê công dụng cụ chính Đang sử dụng",CDO,Thang nhôm rút,1.0,
2026-08,"VII. Thiết bị, CCDC, vật tư hiện có tại CNCT — Thống kê công dụng cụ chính Đang sử dụng",CDO,Thiết bị soi sợi quang,1.0,
2026-08,"VII. Thiết bị, CCDC, vật tư hiện có tại CNCT — Thống kê công dụng cụ chính Đang sử dụng",CDO,Tổng số vị trí,40.0,
2026-08,"VII. Thiết bị, CCDC, vật tư hiện có tại CNCT — Thống kê công dụng cụ chính Đang sử dụng",CDO,Xe PS cơ động,,-
2026-08,"VII. Thiết bị, CCDC, vật tư hiện có tại CNCT — Thống kê công dụng cụ chính Đang sử dụng",CDO,Xe gầu,,-
2026-08,"VII. Thiết bị, CCDC, vật tư hiện có tại CNCT — Thống kê công dụng cụ chính Đang sử dụng",CDO,Xuồng/ ghe/cano,,-
2026-08,"VII. Thiết bị, CCDC, vật tư hiện có tại CNCT — Thống kê công dụng cụ chính Đang sử dụng",CDO,Áo mưa,,-
2026-08,"VII. Thiết bị, CCDC, vật tư hiện có tại CNCT — Thống kê công dụng cụ chính Đang sử dụng",CDO,Ô tô UCTT,,-
2026-08,"VII. Thiết bị, CCDC, vật tư hiện có tại CNCT — Thống kê công dụng cụ chính Đang sử dụng",CDO,Đèn pin,,-
2026-08,"VII. Thiết bị, CCDC, vật tư hiện có tại CNCT — Thống kê công dụng cụ chính Đang sử dụng",CHP,Can xăng (20l),50.0,
2026-08,"VII. Thiết bị, CCDC, vật tư hiện có tại CNCT — Thống kê công dụng cụ chính Đang sử dụng",CHP,Cưa máy,0.0,
2026-08,"VII. Thiết bị, CCDC, vật tư hiện có tại CNCT — Thống kê công dụng cụ chính Đang sử dụng",CHP,Dao cắt,20.0,
2026-08,"VII. Thiết bị, CCDC, vật tư hiện có tại CNCT — Thống kê công dụng cụ chính Đang sử dụng",CHP,Dép dọ,13.0,
2026-08,"VII. Thiết bị, CCDC, vật tư hiện có tại CNCT — Thống kê công dụng cụ chính Đang sử dụng",CHP,Máy hàn CĐBR,1.0,
2026-08,"VII. Thiết bị, CCDC, vật tư hiện có tại CNCT — Thống kê công dụng cụ chính Đang sử dụng",CHP,Máy hàn quang,2.0,
2026-08,"VII. Thiết bị, CCDC, vật tư hiện có tại CNCT — Thống kê công dụng cụ chính Đang sử dụng",CHP,Máy đo CĐBR,7.0,
2026-08,"VII. Thiết bị, CCDC, vật tư hiện có tại CNCT — Thống kê công dụng cụ chính Đang sử dụng",CHP,Máy đo quang OTDR,1.0,
2026-08,"VII. Thiết bị, CCDC, vật tư hiện có tại CNCT — Thống kê công dụng cụ chính Đang sử dụng",CHP,Máy đo điện trở đất,3.0,
2026-08,"VII. Thiết bị, CCDC, vật tư hiện có tại CNCT — Thống kê công dụng cụ chính Đang sử dụng",CHP,Mũ bảo hiểm,13.0,
2026-08,"VII. Thiết bị, CCDC, vật tư hiện có tại CNCT — Thống kê công dụng cụ chính Đang sử dụng",CHP,Phương tiện khác,,-
2026-08,"VII. Thiết bị, CCDC, vật tư hiện có tại CNCT — Thống kê công dụng cụ chính Đang sử dụng",CHP,Thang nhôm rút,20.0,
2026-08,"VII. Thiết bị, CCDC, vật tư hiện có tại CNCT — Thống kê công dụng cụ chính Đang sử dụng",CHP,Thiết bị soi sợi quang,2.0,
2026-08,"VII. Thiết bị, CCDC, vật tư hiện có tại CNCT — Thống kê công dụng cụ chính Đang sử dụng",CHP,Tổng số vị trí,328.0,
2026-08,"VII. Thiết bị, CCDC, vật tư hiện có tại CNCT — Thống kê công dụng cụ chính Đang sử dụng",CHP,Xe PS cơ động,,-
2026-08,"VII. Thiết bị, CCDC, vật tư hiện có tại CNCT — Thống kê công dụng cụ chính Đang sử dụng",CHP,Xe gầu,,-
2026-08,"VII. Thiết bị, CCDC, vật tư hiện có tại CNCT — Thống kê công dụng cụ chính Đang sử dụng",CHP,Xuồng/ ghe/cano,,-
2026-08,"VII. Thiết bị, CCDC, vật tư hiện có tại CNCT — Thống kê công dụng cụ chính Đang sử dụng",CHP,Áo mưa,13.0,
2026-08,"VII. Thiết bị, CCDC, vật tư hiện có tại CNCT — Thống kê công dụng cụ chính Đang sử dụng",CHP,Ô tô UCTT,2.0,
2026-08,"VII. Thiết bị, CCDC, vật tư hiện có tại CNCT — Thống kê công dụng cụ chính Đang sử dụng",CHP,Đèn pin,3.0,
2026-08,"VII. Thiết bị, CCDC, vật tư hiện có tại CNCT — Thống kê công dụng cụ chính Đang sử dụng",DTG,Can xăng (20l),40.0,
2026-08,"VII. Thiết bị, CCDC, vật tư hiện có tại CNCT — Thống kê công dụng cụ chính Đang sử dụng",DTG,Cưa máy,1.0,
2026-08,"VII. Thiết bị, CCDC, vật tư hiện có tại CNCT — Thống kê công dụng cụ chính Đang sử dụng",DTG,Dao cắt,7.0,
2026-08,"VII. Thiết bị, CCDC, vật tư hiện có tại CNCT — Thống kê công dụng cụ chính Đang sử dụng",DTG,Dép dọ,14.0,
2026-08,"VII. Thiết bị, CCDC, vật tư hiện có tại CNCT — Thống kê công dụng cụ chính Đang sử dụng",DTG,Máy hàn CĐBR,1.0,
2026-08,"VII. Thiết bị, CCDC, vật tư hiện có tại CNCT — Thống kê công dụng cụ chính Đang sử dụng",DTG,Máy hàn quang,1.0,
2026-08,"VII. Thiết bị, CCDC, vật tư hiện có tại CNCT — Thống kê công dụng cụ chính Đang sử dụng",DTG,Máy đo CĐBR,2.0,
2026-08,"VII. Thiết bị, CCDC, vật tư hiện có tại CNCT — Thống kê công dụng cụ chính Đang sử dụng",DTG,Máy đo quang OTDR,1.0,
2026-08,"VII. Thiết bị, CCDC, vật tư hiện có tại CNCT — Thống kê công dụng cụ chính Đang sử dụng",DTG,Máy đo điện trở đất,4.0,
2026-08,"VII. Thiết bị, CCDC, vật tư hiện có tại CNCT — Thống kê công dụng cụ chính Đang sử dụng",DTG,Mũ bảo hiểm,14.0,
2026-08,"VII. Thiết bị, CCDC, vật tư hiện có tại CNCT — Thống kê công dụng cụ chính Đang sử dụng",DTG,Phương tiện khác,,-
2026-08,"VII. Thiết bị, CCDC, vật tư hiện có tại CNCT — Thống kê công dụng cụ chính Đang sử dụng",DTG,Thang nhôm rút,7.0,
2026-08,"VII. Thiết bị, CCDC, vật tư hiện có tại CNCT — Thống kê công dụng cụ chính Đang sử dụng",DTG,Thiết bị soi sợi quang,2.0,
2026-08,"VII. Thiết bị, CCDC, vật tư hiện có tại CNCT — Thống kê công dụng cụ chính Đang sử dụng",DTG,Tổng số vị trí,146.0,
2026-08,"VII. Thiết bị, CCDC, vật tư hiện có tại CNCT — Thống kê công dụng cụ chính Đang sử dụng",DTG,Xe PS cơ động,,-
2026-08,"VII. Thiết bị, CCDC, vật tư hiện có tại CNCT — Thống kê công dụng cụ chính Đang sử dụng",DTG,Xe gầu,,-
2026-08,"VII. Thiết bị, CCDC, vật tư hiện có tại CNCT — Thống kê công dụng cụ chính Đang sử dụng",DTG,Xuồng/ ghe/cano,,-
2026-08,"VII. Thiết bị, CCDC, vật tư hiện có tại CNCT — Thống kê công dụng cụ chính Đang sử dụng",DTG,Áo mưa,14.0,
2026-08,"VII. Thiết bị, CCDC, vật tư hiện có tại CNCT — Thống kê công dụng cụ chính Đang sử dụng",DTG,Ô tô UCTT,1.0,
2026-08,"VII. Thiết bị, CCDC, vật tư hiện có tại CNCT — Thống kê công dụng cụ chính Đang sử dụng",DTG,Đèn pin,3.0,
2026-08,"VII. Thiết bị, CCDC, vật tư hiện có tại CNCT — Thống kê công dụng cụ chính Đang sử dụng",HTM,Can xăng (20l),,-
2026-08,"VII. Thiết bị, CCDC, vật tư hiện có tại CNCT — Thống kê công dụng cụ chính Đang sử dụng",HTM,Cưa máy,1.0,
2026-08,"VII. Thiết bị, CCDC, vật tư hiện có tại CNCT — Thống kê công dụng cụ chính Đang sử dụng",HTM,Dao cắt,9.0,
2026-08,"VII. Thiết bị, CCDC, vật tư hiện có tại CNCT — Thống kê công dụng cụ chính Đang sử dụng",HTM,Dép dọ,,-
2026-08,"VII. Thiết bị, CCDC, vật tư hiện có tại CNCT — Thống kê công dụng cụ chính Đang sử dụng",HTM,Máy hàn CĐBR,2.0,
2026-08,"VII. Thiết bị, CCDC, vật tư hiện có tại CNCT — Thống kê công dụng cụ chính Đang sử dụng",HTM,Máy hàn quang,4.0,
2026-08,"VII. Thiết bị, CCDC, vật tư hiện có tại CNCT — Thống kê công dụng cụ chính Đang sử dụng",HTM,Máy đo CĐBR,5.0,
2026-08,"VII. Thiết bị, CCDC, vật tư hiện có tại CNCT — Thống kê công dụng cụ chính Đang sử dụng",HTM,Máy đo quang OTDR,3.0,
2026-08,"VII. Thiết bị, CCDC, vật tư hiện có tại CNCT — Thống kê công dụng cụ chính Đang sử dụng",HTM,Máy đo điện trở đất,0.0,
2026-08,"VII. Thiết bị, CCDC, vật tư hiện có tại CNCT — Thống kê công dụng cụ chính Đang sử dụng",HTM,Mũ bảo hiểm,,-
2026-08,"VII. Thiết bị, CCDC, vật tư hiện có tại CNCT — Thống kê công dụng cụ chính Đang sử dụng",HTM,Phương tiện khác,,-
2026-08,"VII. Thiết bị, CCDC, vật tư hiện có tại CNCT — Thống kê công dụng cụ chính Đang sử dụng",HTM,Thang nhôm rút,13.0,
2026-08,"VII. Thiết bị, CCDC, vật tư hiện có tại CNCT — Thống kê công dụng cụ chính Đang sử dụng",HTM,Thiết bị soi sợi quang,0.0,
2026-08,"VII. Thiết bị, CCDC, vật tư hiện có tại CNCT — Thống kê công dụng cụ chính Đang sử dụng",HTM,Tổng số vị trí,176.0,
2026-08,"VII. Thiết bị, CCDC, vật tư hiện có tại CNCT — Thống kê công dụng cụ chính Đang sử dụng",HTM,Xe PS cơ động,,-
2026-08,"VII. Thiết bị, CCDC, vật tư hiện có tại CNCT — Thống kê công dụng cụ chính Đang sử dụng",HTM,Xe gầu,,-
2026-08,"VII. Thiết bị, CCDC, vật tư hiện có tại CNCT — Thống kê công dụng cụ chính Đang sử dụng",HTM,Xuồng/ ghe/cano,,-
2026-08,"VII. Thiết bị, CCDC, vật tư hiện có tại CNCT — Thống kê công dụng cụ chính Đang sử dụng",HTM,Áo mưa,,-
2026-08,"VII. Thiết bị, CCDC, vật tư hiện có tại CNCT — Thống kê công dụng cụ chính Đang sử dụng",HTM,Ô tô UCTT,2.0,
2026-08,"VII. Thiết bị, CCDC, vật tư hiện có tại CNCT — Thống kê công dụng cụ chính Đang sử dụng",HTM,Đèn pin,,-
2026-08,"VII. Thiết bị, CCDC, vật tư hiện có tại CNCT — Thống kê công dụng cụ chính Đang sử dụng",NGO,Can xăng (20l),,-
2026-08,"VII. Thiết bị, CCDC, vật tư hiện có tại CNCT — Thống kê công dụng cụ chính Đang sử dụng",NGO,Cưa máy,1.0,
2026-08,"VII. Thiết bị, CCDC, vật tư hiện có tại CNCT — Thống kê công dụng cụ chính Đang sử dụng",NGO,Dao cắt,8.0,
2026-08,"VII. Thiết bị, CCDC, vật tư hiện có tại CNCT — Thống kê công dụng cụ chính Đang sử dụng",NGO,Dép dọ,,-
2026-08,"VII. Thiết bị, CCDC, vật tư hiện có tại CNCT — Thống kê công dụng cụ chính Đang sử dụng",NGO,Máy hàn CĐBR,2.0,
2026-08,"VII. Thiết bị, CCDC, vật tư hiện có tại CNCT — Thống kê công dụng cụ chính Đang sử dụng",NGO,Máy hàn quang,1.0,
2026-08,"VII. Thiết bị, CCDC, vật tư hiện có tại CNCT — Thống kê công dụng cụ chính Đang sử dụng",NGO,Máy đo CĐBR,5.0,
2026-08,"VII. Thiết bị, CCDC, vật tư hiện có tại CNCT — Thống kê công dụng cụ chính Đang sử dụng",NGO,Máy đo quang OTDR,2.0,
2026-08,"VII. Thiết bị, CCDC, vật tư hiện có tại CNCT — Thống kê công dụng cụ chính Đang sử dụng",NGO,Máy đo điện trở đất,2.0,
2026-08,"VII. Thiết bị, CCDC, vật tư hiện có tại CNCT — Thống kê công dụng cụ chính Đang sử dụng",NGO,Mũ bảo hiểm,,-
2026-08,"VII. Thiết bị, CCDC, vật tư hiện có tại CNCT — Thống kê công dụng cụ chính Đang sử dụng",NGO,Phương tiện khác,,-
2026-08,"VII. Thiết bị, CCDC, vật tư hiện có tại CNCT — Thống kê công dụng cụ chính Đang sử dụng",NGO,Thang nhôm rút,7.0,
2026-08,"VII. Thiết bị, CCDC, vật tư hiện có tại CNCT — Thống kê công dụng cụ chính Đang sử dụng",NGO,Thiết bị soi sợi quang,0.0,
2026-08,"VII. Thiết bị, CCDC, vật tư hiện có tại CNCT — Thống kê công dụng cụ chính Đang sử dụng",NGO,Tổng số vị trí,121.0,
2026-08,"VII. Thiết bị, CCDC, vật tư hiện có tại CNCT — Thống kê công dụng cụ chính Đang sử dụng",NGO,Xe PS cơ động,,-
2026-08,"VII. Thiết bị, CCDC, vật tư hiện có tại CNCT — Thống kê công dụng cụ chính Đang sử dụng",NGO,Xe gầu,,-
2026-08,"VII. Thiết bị, CCDC, vật tư hiện có tại CNCT — Thống kê công dụng cụ chính Đang sử dụng",NGO,Xuồng/ ghe/cano,,-
2026-08,"VII. Thiết bị, CCDC, vật tư hiện có tại CNCT — Thống kê công dụng cụ chính Đang sử dụng",NGO,Áo mưa,,-
2026-08,"VII. Thiết bị, CCDC, vật tư hiện có tại CNCT — Thống kê công dụng cụ chính Đang sử dụng",NGO,Ô tô UCTT,1.0,
2026-08,"VII. Thiết bị, CCDC, vật tư hiện có tại CNCT — Thống kê công dụng cụ chính Đang sử dụng",NGO,Đèn pin,,-
2026-08,"VII. Thiết bị, CCDC, vật tư hiện có tại CNCT — Thống kê công dụng cụ chính Đang sử dụng",PGO,Can xăng (20l),40.0,
2026-08,"VII. Thiết bị, CCDC, vật tư hiện có tại CNCT — Thống kê công dụng cụ chính Đang sử dụng",PGO,Cưa máy,2.0,
2026-08,"VII. Thiết bị, CCDC, vật tư hiện có tại CNCT — Thống kê công dụng cụ chính Đang sử dụng",PGO,Dao cắt,8.0,
2026-08,"VII. Thiết bị, CCDC, vật tư hiện có tại CNCT — Thống kê công dụng cụ chính Đang sử dụng",PGO,Dép dọ,15.0,
2026-08,"VII. Thiết bị, CCDC, vật tư hiện có tại CNCT — Thống kê công dụng cụ chính Đang sử dụng",PGO,Máy hàn CĐBR,1.0,
2026-08,"VII. Thiết bị, CCDC, vật tư hiện có tại CNCT — Thống kê công dụng cụ chính Đang sử dụng",PGO,Máy hàn quang,1.0,
2026-08,"VII. Thiết bị, CCDC, vật tư hiện có tại CNCT — Thống kê công dụng cụ chính Đang sử dụng",PGO,Máy đo CĐBR,3.0,
2026-08,"VII. Thiết bị, CCDC, vật tư hiện có tại CNCT — Thống kê công dụng cụ chính Đang sử dụng",PGO,Máy đo quang OTDR,2.0,
2026-08,"VII. Thiết bị, CCDC, vật tư hiện có tại CNCT — Thống kê công dụng cụ chính Đang sử dụng",PGO,Máy đo điện trở đất,2.0,
2026-08,"VII. Thiết bị, CCDC, vật tư hiện có tại CNCT — Thống kê công dụng cụ chính Đang sử dụng",PGO,Mũ bảo hiểm,12.0,
2026-08,"VII. Thiết bị, CCDC, vật tư hiện có tại CNCT — Thống kê công dụng cụ chính Đang sử dụng",PGO,Phương tiện khác,,-
2026-08,"VII. Thiết bị, CCDC, vật tư hiện có tại CNCT — Thống kê công dụng cụ chính Đang sử dụng",PGO,Thang nhôm rút,10.0,
2026-08,"VII. Thiết bị, CCDC, vật tư hiện có tại CNCT — Thống kê công dụng cụ chính Đang sử dụng",PGO,Thiết bị soi sợi quang,3.0,
2026-08,"VII. Thiết bị, CCDC, vật tư hiện có tại CNCT — Thống kê công dụng cụ chính Đang sử dụng",PGO,Tổng số vị trí,117.0,
2026-08,"VII. Thiết bị, CCDC, vật tư hiện có tại CNCT — Thống kê công dụng cụ chính Đang sử dụng",PGO,Xe PS cơ động,,-
2026-08,"VII. Thiết bị, CCDC, vật tư hiện có tại CNCT — Thống kê công dụng cụ chính Đang sử dụng",PGO,Xe gầu,,-
2026-08,"VII. Thiết bị, CCDC, vật tư hiện có tại CNCT — Thống kê công dụng cụ chính Đang sử dụng",PGO,Xuồng/ ghe/cano,,-
2026-08,"VII. Thiết bị, CCDC, vật tư hiện có tại CNCT — Thống kê công dụng cụ chính Đang sử dụng",PGO,Áo mưa,12.0,
2026-08,"VII. Thiết bị, CCDC, vật tư hiện có tại CNCT — Thống kê công dụng cụ chính Đang sử dụng",PGO,Ô tô UCTT,1.0,
2026-08,"VII. Thiết bị, CCDC, vật tư hiện có tại CNCT — Thống kê công dụng cụ chính Đang sử dụng",PGO,Đèn pin,3.0,
2026-08,"VII. Thiết bị, CCDC, vật tư hiện có tại CNCT — Thống kê công dụng cụ chính Đang sử dụng",PMY,Can xăng (20l),,-
2026-08,"VII. Thiết bị, CCDC, vật tư hiện có tại CNCT — Thống kê công dụng cụ chính Đang sử dụng",PMY,Cưa máy,0.0,
2026-08,"VII. Thiết bị, CCDC, vật tư hiện có tại CNCT — Thống kê công dụng cụ chính Đang sử dụng",PMY,Dao cắt,8.0,
2026-08,"VII. Thiết bị, CCDC, vật tư hiện có tại CNCT — Thống kê công dụng cụ chính Đang sử dụng",PMY,Dép dọ,,-
2026-08,"VII. Thiết bị, CCDC, vật tư hiện có tại CNCT — Thống kê công dụng cụ chính Đang sử dụng",PMY,Máy hàn CĐBR,3.0,
2026-08,"VII. Thiết bị, CCDC, vật tư hiện có tại CNCT — Thống kê công dụng cụ chính Đang sử dụng",PMY,Máy hàn quang,2.0,
2026-08,"VII. Thiết bị, CCDC, vật tư hiện có tại CNCT — Thống kê công dụng cụ chính Đang sử dụng",PMY,Máy đo CĐBR,3.0,
2026-08,"VII. Thiết bị, CCDC, vật tư hiện có tại CNCT — Thống kê công dụng cụ chính Đang sử dụng",PMY,Máy đo quang OTDR,1.0,
2026-08,"VII. Thiết bị, CCDC, vật tư hiện có tại CNCT — Thống kê công dụng cụ chính Đang sử dụng",PMY,Máy đo điện trở đất,1.0,
2026-08,"VII. Thiết bị, CCDC, vật tư hiện có tại CNCT — Thống kê công dụng cụ chính Đang sử dụng",PMY,Mũ bảo hiểm,,-
2026-08,"VII. Thiết bị, CCDC, vật tư hiện có tại CNCT — Thống kê công dụng cụ chính Đang sử dụng",PMY,Phương tiện khác,,-
2026-08,"VII. Thiết bị, CCDC, vật tư hiện có tại CNCT — Thống kê công dụng cụ chính Đang sử dụng",PMY,Thang nhôm rút,10.0,
2026-08,"VII. Thiết bị, CCDC, vật tư hiện có tại CNCT — Thống kê công dụng cụ chính Đang sử dụng",PMY,Thiết bị soi sợi quang,0.0,
2026-08,"VII. Thiết bị, CCDC, vật tư hiện có tại CNCT — Thống kê công dụng cụ chính Đang sử dụng",PMY,Tổng số vị trí,186.0,
2026-08,"VII. Thiết bị, CCDC, vật tư hiện có tại CNCT — Thống kê công dụng cụ chính Đang sử dụng",PMY,Xe PS cơ động,,-
2026-08,"VII. Thiết bị, CCDC, vật tư hiện có tại CNCT — Thống kê công dụng cụ chính Đang sử dụng",PMY,Xe gầu,,-
2026-08,"VII. Thiết bị, CCDC, vật tư hiện có tại CNCT — Thống kê công dụng cụ chính Đang sử dụng",PMY,Xuồng/ ghe/cano,,-
2026-08,"VII. Thiết bị, CCDC, vật tư hiện có tại CNCT — Thống kê công dụng cụ chính Đang sử dụng",PMY,Áo mưa,,-
2026-08,"VII. Thiết bị, CCDC, vật tư hiện có tại CNCT — Thống kê công dụng cụ chính Đang sử dụng",PMY,Ô tô UCTT,1.0,
2026-08,"VII. Thiết bị, CCDC, vật tư hiện có tại CNCT — Thống kê công dụng cụ chính Đang sử dụng",PMY,Đèn pin,,-
2026-08,"VII. Thiết bị, CCDC, vật tư hiện có tại CNCT — Thống kê công dụng cụ chính Đang sử dụng",TDH,Can xăng (20l),50.0,
2026-08,"VII. Thiết bị, CCDC, vật tư hiện có tại CNCT — Thống kê công dụng cụ chính Đang sử dụng",TDH,Cưa máy,1.0,
2026-08,"VII. Thiết bị, CCDC, vật tư hiện có tại CNCT — Thống kê công dụng cụ chính Đang sử dụng",TDH,Dao cắt,27.0,
2026-08,"VII. Thiết bị, CCDC, vật tư hiện có tại CNCT — Thống kê công dụng cụ chính Đang sử dụng",TDH,Dép dọ,15.0,
2026-08,"VII. Thiết bị, CCDC, vật tư hiện có tại CNCT — Thống kê công dụng cụ chính Đang sử dụng",TDH,Máy hàn CĐBR,2.0,
2026-08,"VII. Thiết bị, CCDC, vật tư hiện có tại CNCT — Thống kê công dụng cụ chính Đang sử dụng",TDH,Máy hàn quang,2.0,
2026-08,"VII. Thiết bị, CCDC, vật tư hiện có tại CNCT — Thống kê công dụng cụ chính Đang sử dụng",TDH,Máy đo CĐBR,9.0,
2026-08,"VII. Thiết bị, CCDC, vật tư hiện có tại CNCT — Thống kê công dụng cụ chính Đang sử dụng",TDH,Máy đo quang OTDR,1.0,
2026-08,"VII. Thiết bị, CCDC, vật tư hiện có tại CNCT — Thống kê công dụng cụ chính Đang sử dụng",TDH,Máy đo điện trở đất,5.0,
2026-08,"VII. Thiết bị, CCDC, vật tư hiện có tại CNCT — Thống kê công dụng cụ chính Đang sử dụng",TDH,Mũ bảo hiểm,15.0,
2026-08,"VII. Thiết bị, CCDC, vật tư hiện có tại CNCT — Thống kê công dụng cụ chính Đang sử dụng",TDH,Phương tiện khác,,-
2026-08,"VII. Thiết bị, CCDC, vật tư hiện có tại CNCT — Thống kê công dụng cụ chính Đang sử dụng",TDH,Thang nhôm rút,31.0,
2026-08,"VII. Thiết bị, CCDC, vật tư hiện có tại CNCT — Thống kê công dụng cụ chính Đang sử dụng",TDH,Thiết bị soi sợi quang,14.0,
2026-08,"VII. Thiết bị, CCDC, vật tư hiện có tại CNCT — Thống kê công dụng cụ chính Đang sử dụng",TDH,Tổng số vị trí,280.0,
2026-08,"VII. Thiết bị, CCDC, vật tư hiện có tại CNCT — Thống kê công dụng cụ chính Đang sử dụng",TDH,Xe PS cơ động,,-
2026-08,"VII. Thiết bị, CCDC, vật tư hiện có tại CNCT — Thống kê công dụng cụ chính Đang sử dụng",TDH,Xe gầu,,-
2026-08,"VII. Thiết bị, CCDC, vật tư hiện có tại CNCT — Thống kê công dụng cụ chính Đang sử dụng",TDH,Xuồng/ ghe/cano,,-
2026-08,"VII. Thiết bị, CCDC, vật tư hiện có tại CNCT — Thống kê công dụng cụ chính Đang sử dụng",TDH,Áo mưa,15.0,
2026-08,"VII. Thiết bị, CCDC, vật tư hiện có tại CNCT — Thống kê công dụng cụ chính Đang sử dụng",TDH,Ô tô UCTT,1.0,
2026-08,"VII. Thiết bị, CCDC, vật tư hiện có tại CNCT — Thống kê công dụng cụ chính Đang sử dụng",TDH,Đèn pin,3.0,
2026-08,"VII. Thiết bị, CCDC, vật tư hiện có tại CNCT — Thống kê công dụng cụ chính Đang sử dụng",TGO,Can xăng (20l),60.0,
2026-08,"VII. Thiết bị, CCDC, vật tư hiện có tại CNCT — Thống kê công dụng cụ chính Đang sử dụng",TGO,Cưa máy,0.0,
2026-08,"VII. Thiết bị, CCDC, vật tư hiện có tại CNCT — Thống kê công dụng cụ chính Đang sử dụng",TGO,Dao cắt,27.0,
2026-08,"VII. Thiết bị, CCDC, vật tư hiện có tại CNCT — Thống kê công dụng cụ chính Đang sử dụng",TGO,Dép dọ,16.0,
2026-08,"VII. Thiết bị, CCDC, vật tư hiện có tại CNCT — Thống kê công dụng cụ chính Đang sử dụng",TGO,Máy hàn CĐBR,2.0,
2026-08,"VII. Thiết bị, CCDC, vật tư hiện có tại CNCT — Thống kê công dụng cụ chính Đang sử dụng",TGO,Máy hàn quang,2.0,
2026-08,"VII. Thiết bị, CCDC, vật tư hiện có tại CNCT — Thống kê công dụng cụ chính Đang sử dụng",TGO,Máy đo CĐBR,12.0,
2026-08,"VII. Thiết bị, CCDC, vật tư hiện có tại CNCT — Thống kê công dụng cụ chính Đang sử dụng",TGO,Máy đo quang OTDR,2.0,
2026-08,"VII. Thiết bị, CCDC, vật tư hiện có tại CNCT — Thống kê công dụng cụ chính Đang sử dụng",TGO,Máy đo điện trở đất,4.0,
2026-08,"VII. Thiết bị, CCDC, vật tư hiện có tại CNCT — Thống kê công dụng cụ chính Đang sử dụng",TGO,Mũ bảo hiểm,16.0,
2026-08,"VII. Thiết bị, CCDC, vật tư hiện có tại CNCT — Thống kê công dụng cụ chính Đang sử dụng",TGO,Phương tiện khác,,-
2026-08,"VII. Thiết bị, CCDC, vật tư hiện có tại CNCT — Thống kê công dụng cụ chính Đang sử dụng",TGO,Thang nhôm rút,28.0,
2026-08,"VII. Thiết bị, CCDC, vật tư hiện có tại CNCT — Thống kê công dụng cụ chính Đang sử dụng",TGO,Thiết bị soi sợi quang,8.0,
2026-08,"VII. Thiết bị, CCDC, vật tư hiện có tại CNCT — Thống kê công dụng cụ chính Đang sử dụng",TGO,Tổng số vị trí,437.0,
2026-08,"VII. Thiết bị, CCDC, vật tư hiện có tại CNCT — Thống kê công dụng cụ chính Đang sử dụng",TGO,Xe PS cơ động,,-
2026-08,"VII. Thiết bị, CCDC, vật tư hiện có tại CNCT — Thống kê công dụng cụ chính Đang sử dụng",TGO,Xe gầu,,-
2026-08,"VII. Thiết bị, CCDC, vật tư hiện có tại CNCT — Thống kê công dụng cụ chính Đang sử dụng",TGO,Xuồng/ ghe/cano,,-
2026-08,"VII. Thiết bị, CCDC, vật tư hiện có tại CNCT — Thống kê công dụng cụ chính Đang sử dụng",TGO,Áo mưa,16.0,
2026-08,"VII. Thiết bị, CCDC, vật tư hiện có tại CNCT — Thống kê công dụng cụ chính Đang sử dụng",TGO,Ô tô UCTT,1.0,
2026-08,"VII. Thiết bị, CCDC, vật tư hiện có tại CNCT — Thống kê công dụng cụ chính Đang sử dụng",TGO,Đèn pin,3.0,
2026-08,"VII. Thiết bị, CCDC, vật tư hiện có tại CNCT — Thống kê công dụng cụ chính Đang sử dụng",THA,Can xăng (20l),52.0,
2026-08,"VII. Thiết bị, CCDC, vật tư hiện có tại CNCT — Thống kê công dụng cụ chính Đang sử dụng",THA,Cưa máy,0.0,
2026-08,"VII. Thiết bị, CCDC, vật tư hiện có tại CNCT — Thống kê công dụng cụ chính Đang sử dụng",THA,Dao cắt,20.0,
2026-08,"VII. Thiết bị, CCDC, vật tư hiện có tại CNCT — Thống kê công dụng cụ chính Đang sử dụng",THA,Dép dọ,18.0,
2026-08,"VII. Thiết bị, CCDC, vật tư hiện có tại CNCT — Thống kê công dụng cụ chính Đang sử dụng",THA,Máy hàn CĐBR,5.0,
2026-08,"VII. Thiết bị, CCDC, vật tư hiện có tại CNCT — Thống kê công dụng cụ chính Đang sử dụng",THA,Máy hàn quang,2.0,
2026-08,"VII. Thiết bị, CCDC, vật tư hiện có tại CNCT — Thống kê công dụng cụ chính Đang sử dụng",THA,Máy đo CĐBR,9.0,
2026-08,"VII. Thiết bị, CCDC, vật tư hiện có tại CNCT — Thống kê công dụng cụ chính Đang sử dụng",THA,Máy đo quang OTDR,2.0,
2026-08,"VII. Thiết bị, CCDC, vật tư hiện có tại CNCT — Thống kê công dụng cụ chính Đang sử dụng",THA,Máy đo điện trở đất,6.0,
2026-08,"VII. Thiết bị, CCDC, vật tư hiện có tại CNCT — Thống kê công dụng cụ chính Đang sử dụng",THA,Mũ bảo hiểm,18.0,
2026-08,"VII. Thiết bị, CCDC, vật tư hiện có tại CNCT — Thống kê công dụng cụ chính Đang sử dụng",THA,Phương tiện khác,,-
2026-08,"VII. Thiết bị, CCDC, vật tư hiện có tại CNCT — Thống kê công dụng cụ chính Đang sử dụng",THA,Thang nhôm rút,25.0,
2026-08,"VII. Thiết bị, CCDC, vật tư hiện có tại CNCT — Thống kê công dụng cụ chính Đang sử dụng",THA,Thiết bị soi sợi quang,12.0,
2026-08,"VII. Thiết bị, CCDC, vật tư hiện có tại CNCT — Thống kê công dụng cụ chính Đang sử dụng",THA,Tổng số vị trí,493.0,
2026-08,"VII. Thiết bị, CCDC, vật tư hiện có tại CNCT — Thống kê công dụng cụ chính Đang sử dụng",THA,Xe PS cơ động,,-
2026-08,"VII. Thiết bị, CCDC, vật tư hiện có tại CNCT — Thống kê công dụng cụ chính Đang sử dụng",THA,Xe gầu,1.0,
2026-08,"VII. Thiết bị, CCDC, vật tư hiện có tại CNCT — Thống kê công dụng cụ chính Đang sử dụng",THA,Xuồng/ ghe/cano,,-
2026-08,"VII. Thiết bị, CCDC, vật tư hiện có tại CNCT — Thống kê công dụng cụ chính Đang sử dụng",THA,Áo mưa,18.0,
2026-08,"VII. Thiết bị, CCDC, vật tư hiện có tại CNCT — Thống kê công dụng cụ chính Đang sử dụng",THA,Ô tô UCTT,1.0,
2026-08,"VII. Thiết bị, CCDC, vật tư hiện có tại CNCT — Thống kê công dụng cụ chính Đang sử dụng",THA,Đèn pin,6.0,
2026-08,"VII. Thiết bị, CCDC, vật tư hiện có tại CNCT — Thống kê công dụng cụ chính Đang sử dụng",TTG,Can xăng (20l),,-
2026-08,"VII. Thiết bị, CCDC, vật tư hiện có tại CNCT — Thống kê công dụng cụ chính Đang sử dụng",TTG,Cưa máy,0.0,
2026-08,"VII. Thiết bị, CCDC, vật tư hiện có tại CNCT — Thống kê công dụng cụ chính Đang sử dụng",TTG,Dao cắt,10.0,
2026-08,"VII. Thiết bị, CCDC, vật tư hiện có tại CNCT — Thống kê công dụng cụ chính Đang sử dụng",TTG,Dép dọ,,-
2026-08,"VII. Thiết bị, CCDC, vật tư hiện có tại CNCT — Thống kê công dụng cụ chính Đang sử dụng",TTG,Máy hàn CĐBR,2.0,
2026-08,"VII. Thiết bị, CCDC, vật tư hiện có tại CNCT — Thống kê công dụng cụ chính Đang sử dụng",TTG,Máy hàn quang,1.0,
2026-08,"VII. Thiết bị, CCDC, vật tư hiện có tại CNCT — Thống kê công dụng cụ chính Đang sử dụng",TTG,Máy đo CĐBR,4.0,
2026-08,"VII. Thiết bị, CCDC, vật tư hiện có tại CNCT — Thống kê công dụng cụ chính Đang sử dụng",TTG,Máy đo quang OTDR,1.0,
2026-08,"VII. Thiết bị, CCDC, vật tư hiện có tại CNCT — Thống kê công dụng cụ chính Đang sử dụng",TTG,Máy đo điện trở đất,1.0,
2026-08,"VII. Thiết bị, CCDC, vật tư hiện có tại CNCT — Thống kê công dụng cụ chính Đang sử dụng",TTG,Mũ bảo hiểm,,-
2026-08,"VII. Thiết bị, CCDC, vật tư hiện có tại CNCT — Thống kê công dụng cụ chính Đang sử dụng",TTG,Phương tiện khác,,-
2026-08,"VII. Thiết bị, CCDC, vật tư hiện có tại CNCT — Thống kê công dụng cụ chính Đang sử dụng",TTG,Thang nhôm rút,11.0,
2026-08,"VII. Thiết bị, CCDC, vật tư hiện có tại CNCT — Thống kê công dụng cụ chính Đang sử dụng",TTG,Thiết bị soi sợi quang,5.0,
2026-08,"VII. Thiết bị, CCDC, vật tư hiện có tại CNCT — Thống kê công dụng cụ chính Đang sử dụng",TTG,Tổng số vị trí,331.0,
2026-08,"VII. Thiết bị, CCDC, vật tư hiện có tại CNCT — Thống kê công dụng cụ chính Đang sử dụng",TTG,Xe PS cơ động,,-
2026-08,"VII. Thiết bị, CCDC, vật tư hiện có tại CNCT — Thống kê công dụng cụ chính Đang sử dụng",TTG,Xe gầu,1.0,
2026-08,"VII. Thiết bị, CCDC, vật tư hiện có tại CNCT — Thống kê công dụng cụ chính Đang sử dụng",TTG,Xuồng/ ghe/cano,,-
2026-08,"VII. Thiết bị, CCDC, vật tư hiện có tại CNCT — Thống kê công dụng cụ chính Đang sử dụng",TTG,Áo mưa,,-
2026-08,"VII. Thiết bị, CCDC, vật tư hiện có tại CNCT — Thống kê công dụng cụ chính Đang sử dụng",TTG,Ô tô UCTT,2.0,
2026-08,"VII. Thiết bị, CCDC, vật tư hiện có tại CNCT — Thống kê công dụng cụ chính Đang sử dụng",TTG,Đèn pin,,-
2026-08,"VII. Thiết bị, CCDC, vật tư hiện có tại CNCT — Thống kê công dụng cụ chính Đang sử dụng",TUN,Can xăng (20l),88.0,
2026-08,"VII. Thiết bị, CCDC, vật tư hiện có tại CNCT — Thống kê công dụng cụ chính Đang sử dụng",TUN,Cưa máy,0.0,
2026-08,"VII. Thiết bị, CCDC, vật tư hiện có tại CNCT — Thống kê công dụng cụ chính Đang sử dụng",TUN,Dao cắt,23.0,
2026-08,"VII. Thiết bị, CCDC, vật tư hiện có tại CNCT — Thống kê công dụng cụ chính Đang sử dụng",TUN,Dép dọ,41.0,
2026-08,"VII. Thiết bị, CCDC, vật tư hiện có tại CNCT — Thống kê công dụng cụ chính Đang sử dụng",TUN,Máy hàn CĐBR,5.0,
2026-08,"VII. Thiết bị, CCDC, vật tư hiện có tại CNCT — Thống kê công dụng cụ chính Đang sử dụng",TUN,Máy hàn quang,2.0,
2026-08,"VII. Thiết bị, CCDC, vật tư hiện có tại CNCT — Thống kê công dụng cụ chính Đang sử dụng",TUN,Máy đo CĐBR,12.0,
2026-08,"VII. Thiết bị, CCDC, vật tư hiện có tại CNCT — Thống kê công dụng cụ chính Đang sử dụng",TUN,Máy đo quang OTDR,2.0,
2026-08,"VII. Thiết bị, CCDC, vật tư hiện có tại CNCT — Thống kê công dụng cụ chính Đang sử dụng",TUN,Máy đo điện trở đất,2.0,
2026-08,"VII. Thiết bị, CCDC, vật tư hiện có tại CNCT — Thống kê công dụng cụ chính Đang sử dụng",TUN,Mũ bảo hiểm,41.0,
2026-08,"VII. Thiết bị, CCDC, vật tư hiện có tại CNCT — Thống kê công dụng cụ chính Đang sử dụng",TUN,Phương tiện khác,,-
2026-08,"VII. Thiết bị, CCDC, vật tư hiện có tại CNCT — Thống kê công dụng cụ chính Đang sử dụng",TUN,Thang nhôm rút,28.0,
2026-08,"VII. Thiết bị, CCDC, vật tư hiện có tại CNCT — Thống kê công dụng cụ chính Đang sử dụng",TUN,Thiết bị soi sợi quang,2.0,
2026-08,"VII. Thiết bị, CCDC, vật tư hiện có tại CNCT — Thống kê công dụng cụ chính Đang sử dụng",TUN,Tổng số vị trí,474.0,
2026-08,"VII. Thiết bị, CCDC, vật tư hiện có tại CNCT — Thống kê công dụng cụ chính Đang sử dụng",TUN,Xe PS cơ động,,-
2026-08,"VII. Thiết bị, CCDC, vật tư hiện có tại CNCT — Thống kê công dụng cụ chính Đang sử dụng",TUN,Xe gầu,,-
2026-08,"VII. Thiết bị, CCDC, vật tư hiện có tại CNCT — Thống kê công dụng cụ chính Đang sử dụng",TUN,Xuồng/ ghe/cano,,-
2026-08,"VII. Thiết bị, CCDC, vật tư hiện có tại CNCT — Thống kê công dụng cụ chính Đang sử dụng",TUN,Áo mưa,41.0,
2026-08,"VII. Thiết bị, CCDC, vật tư hiện có tại CNCT — Thống kê công dụng cụ chính Đang sử dụng",TUN,Ô tô UCTT,1.0,
2026-08,"VII. Thiết bị, CCDC, vật tư hiện có tại CNCT — Thống kê công dụng cụ chính Đang sử dụng",TUN,Đèn pin,8.0,
2026-08,"VII. Thiết bị, CCDC, vật tư hiện có tại CNCT — Thống kê công dụng cụ chính Đang sử dụng",Tổng,Can xăng (20l),380.0,
2026-08,"VII. Thiết bị, CCDC, vật tư hiện có tại CNCT — Thống kê công dụng cụ chính Đang sử dụng",Tổng,Cưa máy,8.0,
2026-08,"VII. Thiết bị, CCDC, vật tư hiện có tại CNCT — Thống kê công dụng cụ chính Đang sử dụng",Tổng,Dao cắt,178.0,
2026-08,"VII. Thiết bị, CCDC, vật tư hiện có tại CNCT — Thống kê công dụng cụ chính Đang sử dụng",Tổng,Dép dọ,132.0,
2026-08,"VII. Thiết bị, CCDC, vật tư hiện có tại CNCT — Thống kê công dụng cụ chính Đang sử dụng",Tổng,Máy hàn CĐBR,30.0,
2026-08,"VII. Thiết bị, CCDC, vật tư hiện có tại CNCT — Thống kê công dụng cụ chính Đang sử dụng",Tổng,Máy hàn quang,23.0,
2026-08,"VII. Thiết bị, CCDC, vật tư hiện có tại CNCT — Thống kê công dụng cụ chính Đang sử dụng",Tổng,Máy đo CĐBR,77.0,
2026-08,"VII. Thiết bị, CCDC, vật tư hiện có tại CNCT — Thống kê công dụng cụ chính Đang sử dụng",Tổng,Máy đo quang OTDR,19.0,
2026-08,"VII. Thiết bị, CCDC, vật tư hiện có tại CNCT — Thống kê công dụng cụ chính Đang sử dụng",Tổng,Máy đo điện trở đất,31.0,
2026-08,"VII. Thiết bị, CCDC, vật tư hiện có tại CNCT — Thống kê công dụng cụ chính Đang sử dụng",Tổng,Mũ bảo hiểm,129.0,
2026-08,"VII. Thiết bị, CCDC, vật tư hiện có tại CNCT — Thống kê công dụng cụ chính Đang sử dụng",Tổng,Phương tiện khác,0.0,
2026-08,"VII. Thiết bị, CCDC, vật tư hiện có tại CNCT — Thống kê công dụng cụ chính Đang sử dụng",Tổng,Thang nhôm rút,203.0,
2026-08,"VII. Thiết bị, CCDC, vật tư hiện có tại CNCT — Thống kê công dụng cụ chính Đang sử dụng",Tổng,Thiết bị soi sợi quang,60.0,
2026-08,"VII. Thiết bị, CCDC, vật tư hiện có tại CNCT — Thống kê công dụng cụ chính Đang sử dụng",Tổng,Tổng số vị trí,3301.0,
2026-08,"VII. Thiết bị, CCDC, vật tư hiện có tại CNCT — Thống kê công dụng cụ chính Đang sử dụng",Tổng,Xe PS cơ động,0.0,
2026-08,"VII. Thiết bị, CCDC, vật tư hiện có tại CNCT — Thống kê công dụng cụ chính Đang sử dụng",Tổng,Xe gầu,2.0,
2026-08,"VII. Thiết bị, CCDC, vật tư hiện có tại CNCT — Thống kê công dụng cụ chính Đang sử dụng",Tổng,Xuồng/ ghe/cano,0.0,
2026-08,"VII. Thiết bị, CCDC, vật tư hiện có tại CNCT — Thống kê công dụng cụ chính Đang sử dụng",Tổng,Áo mưa,129.0,
2026-08,"VII. Thiết bị, CCDC, vật tư hiện có tại CNCT — Thống kê công dụng cụ chính Đang sử dụng",Tổng,Ô tô UCTT,15.0,
2026-08,"VII. Thiết bị, CCDC, vật tư hiện có tại CNCT — Thống kê công dụng cụ chính Đang sử dụng",Tổng,Đèn pin,29.0,
